name,accuracy,train_time,test_time,dimensions,method,encoding,iterations,lr,chunks,threshold,reduce_subclass,model_quantize,epsilon,alpha,beta,theta,r,lazy_regeneration,model_neural,lazy_regeneration,model_neural,partial_data,robustness_failed_dimensions,weight_decay,learning_rate,dropout_rate
Abalone,0.5689655172413793,0.6066827774047852,0.20850062370300293,10000,random_forest,flocet,30,5,,,,,,,,,,,,5,reset,0.5,0,,,
Abalone,0.5823754789272031,0.6407606601715088,0.20801925659179688,10000,random_forest,flocet,30,5,,,,,,,,,,,,5,reset,0.5,0,,,
Abalone,0.5814176245210728,0.5580518245697021,0.20716404914855957,10000,random_forest,flocet,30,5,,,,,,,,,,,,5,reset,0.5,0,,,
Abalone,0.6111111111111112,0.5611734390258789,0.20773720741271973,10000,random_forest,flocet,30,5,,,,,,,,,,,,5,reset,0.5,0,,,
Abalone,0.60727969348659,0.5582680702209473,0.20798468589782715,10000,random_forest,flocet,30,5,,,,,,,,,,,,5,reset,0.5,0,,,
AcuteInflammation,1.0,0.13922429084777832,0.01946711540222168,10000,random_forest,flocet,30,5,,,,,,,,,,,,5,reset,0.5,0,,,
AcuteInflammation,1.0,0.13854289054870605,0.019353389739990234,10000,random_forest,flocet,30,5,,,,,,,,,,,,5,reset,0.5,0,,,
AcuteInflammation,1.0,0.13840460777282715,0.01939988136291504,10000,random_forest,flocet,30,5,,,,,,,,,,,,5,reset,0.5,0,,,
AcuteInflammation,1.0,0.13861346244812012,0.019292116165161133,10000,random_forest,flocet,30,5,,,,,,,,,,,,5,reset,0.5,0,,,
AcuteInflammation,1.0,0.1383202075958252,0.01930975914001465,10000,random_forest,flocet,30,5,,,,,,,,,,,,5,reset,0.5,0,,,
AcuteNephritis,0.9666666666666667,0.13772058486938477,0.01934218406677246,10000,random_forest,flocet,30,5,,,,,,,,,,,,5,reset,0.5,0,,,
AcuteNephritis,0.9666666666666667,0.13734221458435059,0.019175291061401367,10000,random_forest,flocet,30,5,,,,,,,,,,,,5,reset,0.5,0,,,
AcuteNephritis,0.9666666666666667,0.13752174377441406,0.019143342971801758,10000,random_forest,flocet,30,5,,,,,,,,,,,,5,reset,0.5,0,,,
AcuteNephritis,0.9666666666666667,0.13748669624328613,0.01922297477722168,10000,random_forest,flocet,30,5,,,,,,,,,,,,5,reset,0.5,0,,,
AcuteNephritis,0.9666666666666667,0.13730359077453613,0.01920342445373535,10000,random_forest,flocet,30,5,,,,,,,,,,,,5,reset,0.5,0,,,
Adult,0.8503777409250046,4.375472068786621,3.0986390113830566,10000,random_forest,flocet,30,5,,,,,,,,,,,,5,reset,0.5,0,,,
Adult,0.8462010932989374,4.202711343765259,3.1764121055603027,10000,random_forest,flocet,30,5,,,,,,,,,,,,5,reset,0.5,0,,,
Adult,0.8466924636078865,4.188112258911133,3.0603835582733154,10000,random_forest,flocet,30,5,,,,,,,,,,,,5,reset,0.5,0,,,
Adult,0.8459554081444629,4.282764673233032,2.9491655826568604,10000,random_forest,flocet,30,5,,,,,,,,,,,,5,reset,0.5,0,,,
Adult,0.8486579448436828,4.4081501960754395,2.96274995803833,10000,random_forest,flocet,30,5,,,,,,,,,,,,5,reset,0.5,0,,,
Annealing,0.97,0.21750235557556152,0.03238821029663086,10000,random_forest,flocet,30,5,,,,,,,,,,,,5,reset,0.5,0,,,
Annealing,0.96,0.21772074699401855,0.03247475624084473,10000,random_forest,flocet,30,5,,,,,,,,,,,,5,reset,0.5,0,,,
Annealing,0.96,0.21807265281677246,0.03248238563537598,10000,random_forest,flocet,30,5,,,,,,,,,,,,5,reset,0.5,0,,,
Annealing,0.98,0.2167210578918457,0.032564640045166016,10000,random_forest,flocet,30,5,,,,,,,,,,,,5,reset,0.5,0,,,
Annealing,0.99,0.21764135360717773,0.032457828521728516,10000,random_forest,flocet,30,5,,,,,,,,,,,,5,reset,0.5,0,,,
Arrhythmia,0.504424778761062,0.21739959716796875,0.03607487678527832,10000,random_forest,flocet,30,5,,,,,,,,,,,,5,reset,0.5,0,,,
Arrhythmia,0.4778761061946903,0.21625375747680664,0.03604936599731445,10000,random_forest,flocet,30,5,,,,,,,,,,,,5,reset,0.5,0,,,
Arrhythmia,0.4247787610619469,0.21967053413391113,0.03634309768676758,10000,random_forest,flocet,30,5,,,,,,,,,,,,5,reset,0.5,0,,,
Arrhythmia,0.3805309734513274,0.21656107902526855,0.036180973052978516,10000,random_forest,flocet,30,5,,,,,,,,,,,,5,reset,0.5,0,,,
Arrhythmia,0.40707964601769914,0.21727871894836426,0.03611612319946289,10000,random_forest,flocet,30,5,,,,,,,,,,,,5,reset,0.5,0,,,
AudiologyStd,0.68,0.15085124969482422,0.01895737648010254,10000,random_forest,flocet,30,5,,,,,,,,,,,,5,reset,0.5,0,,,
AudiologyStd,0.72,0.15082406997680664,0.018872737884521484,10000,random_forest,flocet,30,5,,,,,,,,,,,,5,reset,0.5,0,,,
AudiologyStd,0.56,0.1521592140197754,0.01907205581665039,10000,random_forest,flocet,30,5,,,,,,,,,,,,5,reset,0.5,0,,,
AudiologyStd,0.72,0.15132594108581543,0.01889967918395996,10000,random_forest,flocet,30,5,,,,,,,,,,,,5,reset,0.5,0,,,
AudiologyStd,0.64,0.15101385116577148,0.018832683563232422,10000,random_forest,flocet,30,5,,,,,,,,,,,,5,reset,0.5,0,,,
BalanceScale,0.8397435897435898,0.1797170639038086,0.04266548156738281,10000,random_forest,flocet,30,5,,,,,,,,,,,,5,reset,0.5,0,,,
BalanceScale,0.8589743589743589,0.179459810256958,0.042699575424194336,10000,random_forest,flocet,30,5,,,,,,,,,,,,5,reset,0.5,0,,,
BalanceScale,0.8205128205128205,0.1798710823059082,0.0427706241607666,10000,random_forest,flocet,30,5,,,,,,,,,,,,5,reset,0.5,0,,,
BalanceScale,0.8525641025641025,0.1801433563232422,0.042803049087524414,10000,random_forest,flocet,30,5,,,,,,,,,,,,5,reset,0.5,0,,,
BalanceScale,0.8205128205128205,0.17966985702514648,0.042563676834106445,10000,random_forest,flocet,30,5,,,,,,,,,,,,5,reset,0.5,0,,,
Balloons,0.75,0.13019394874572754,0.014525890350341797,10000,random_forest,flocet,30,5,,,,,,,,,,,,5,reset,0.5,0,,,
Balloons,0.75,0.130173921585083,0.014554500579833984,10000,random_forest,flocet,30,5,,,,,,,,,,,,5,reset,0.5,0,,,
Balloons,0.75,0.1301867961883545,0.014646291732788086,10000,random_forest,flocet,30,5,,,,,,,,,,,,5,reset,0.5,0,,,
Balloons,0.75,0.13004398345947266,0.014516353607177734,10000,random_forest,flocet,30,5,,,,,,,,,,,,5,reset,0.5,0,,,
Balloons,0.75,0.1299571990966797,0.01450204849243164,10000,random_forest,flocet,30,5,,,,,,,,,,,,5,reset,0.5,0,,,
Bank,0.9,0.5652244091033936,0.22086811065673828,10000,random_forest,flocet,30,5,,,,,,,,,,,,5,reset,0.5,0,,,
Bank,0.9026548672566371,0.555048942565918,0.2207047939300537,10000,random_forest,flocet,30,5,,,,,,,,,,,,5,reset,0.5,0,,,
Bank,0.9,0.6478848457336426,0.220963716506958,10000,random_forest,flocet,30,5,,,,,,,,,,,,5,reset,0.5,0,,,
Bank,0.8946902654867257,0.554558277130127,0.22074651718139648,10000,random_forest,flocet,30,5,,,,,,,,,,,,5,reset,0.5,0,,,
Bank,0.8955752212389381,0.5595877170562744,0.22043943405151367,10000,random_forest,flocet,30,5,,,,,,,,,,,,5,reset,0.5,0,,,
Blood,0.7005347593582888,0.1930859088897705,0.04834890365600586,10000,random_forest,flocet,30,5,,,,,,,,,,,,5,reset,0.5,0,,,
Blood,0.7058823529411765,0.1930677890777588,0.04834389686584473,10000,random_forest,flocet,30,5,,,,,,,,,,,,5,reset,0.5,0,,,
Blood,0.7433155080213903,0.19229698181152344,0.048342227935791016,10000,random_forest,flocet,30,5,,,,,,,,,,,,5,reset,0.5,0,,,
Blood,0.6417112299465241,0.19353437423706055,0.048509836196899414,10000,random_forest,flocet,30,5,,,,,,,,,,,,5,reset,0.5,0,,,
Blood,0.732620320855615,0.19262003898620605,0.04830360412597656,10000,random_forest,flocet,30,5,,,,,,,,,,,,5,reset,0.5,0,,,
BreastCancer,0.7464788732394366,0.15250778198242188,0.026899337768554688,10000,random_forest,flocet,30,5,,,,,,,,,,,,5,reset,0.5,0,,,
BreastCancer,0.7605633802816901,0.15335416793823242,0.0269777774810791,10000,random_forest,flocet,30,5,,,,,,,,,,,,5,reset,0.5,0,,,
BreastCancer,0.704225352112676,0.15336894989013672,0.02700018882751465,10000,random_forest,flocet,30,5,,,,,,,,,,,,5,reset,0.5,0,,,
BreastCancer,0.6619718309859155,0.1531674861907959,0.026904821395874023,10000,random_forest,flocet,30,5,,,,,,,,,,,,5,reset,0.5,0,,,
BreastCancer,0.6901408450704225,0.15325188636779785,0.026915550231933594,10000,random_forest,flocet,30,5,,,,,,,,,,,,5,reset,0.5,0,,,
BreastCancerWisc,0.9828571428571429,0.18286705017089844,0.04544353485107422,10000,random_forest,flocet,30,5,,,,,,,,,,,,5,reset,0.5,0,,,
BreastCancerWisc,0.9657142857142857,0.18321990966796875,0.04556608200073242,10000,random_forest,flocet,30,5,,,,,,,,,,,,5,reset,0.5,0,,,
BreastCancerWisc,0.9714285714285714,0.18262243270874023,0.04546546936035156,10000,random_forest,flocet,30,5,,,,,,,,,,,,5,reset,0.5,0,,,
BreastCancerWisc,0.9714285714285714,0.18263030052185059,0.04545140266418457,10000,random_forest,flocet,30,5,,,,,,,,,,,,5,reset,0.5,0,,,
BreastCancerWisc,0.9771428571428571,0.182969331741333,0.045532941818237305,10000,random_forest,flocet,30,5,,,,,,,,,,,,5,reset,0.5,0,,,
BreastCancerWiscDiag,0.9436619718309859,0.1877121925354004,0.0396728515625,10000,random_forest,flocet,30,5,,,,,,,,,,,,5,reset,0.5,0,,,
BreastCancerWiscDiag,0.9507042253521126,0.18793010711669922,0.039774417877197266,10000,random_forest,flocet,30,5,,,,,,,,,,,,5,reset,0.5,0,,,
BreastCancerWiscDiag,0.9507042253521126,0.1873462200164795,0.03969836235046387,10000,random_forest,flocet,30,5,,,,,,,,,,,,5,reset,0.5,0,,,
BreastCancerWiscDiag,0.9507042253521126,0.19014406204223633,0.03982043266296387,10000,random_forest,flocet,30,5,,,,,,,,,,,,5,reset,0.5,0,,,
BreastCancerWiscDiag,0.9507042253521126,0.18906760215759277,0.039785146713256836,10000,random_forest,flocet,30,5,,,,,,,,,,,,5,reset,0.5,0,,,
BreastCancerWiscProg,0.7755102040816326,0.15033960342407227,0.02275538444519043,10000,random_forest,flocet,30,5,,,,,,,,,,,,5,reset,0.5,0,,,
BreastCancerWiscProg,0.7142857142857143,0.15078973770141602,0.022748470306396484,10000,random_forest,flocet,30,5,,,,,,,,,,,,5,reset,0.5,0,,,
BreastCancerWiscProg,0.673469387755102,0.15040159225463867,0.022865772247314453,10000,random_forest,flocet,30,5,,,,,,,,,,,,5,reset,0.5,0,,,
BreastCancerWiscProg,0.7346938775510204,0.15022683143615723,0.022790193557739258,10000,random_forest,flocet,30,5,,,,,,,,,,,,5,reset,0.5,0,,,
BreastCancerWiscProg,0.7959183673469388,0.14982867240905762,0.022761106491088867,10000,random_forest,flocet,30,5,,,,,,,,,,,,5,reset,0.5,0,,,
BreastTissue,0.6153846153846154,0.1397418975830078,0.018941164016723633,10000,random_forest,flocet,30,5,,,,,,,,,,,,5,reset,0.5,0,,,
BreastTissue,0.6923076923076923,0.13934588432312012,0.0188291072845459,10000,random_forest,flocet,30,5,,,,,,,,,,,,5,reset,0.5,0,,,
BreastTissue,0.7307692307692307,0.13953590393066406,0.018837451934814453,10000,random_forest,flocet,30,5,,,,,,,,,,,,5,reset,0.5,0,,,
BreastTissue,0.6153846153846154,0.13955330848693848,0.018832683563232422,10000,random_forest,flocet,30,5,,,,,,,,,,,,5,reset,0.5,0,,,
BreastTissue,0.7307692307692307,0.13941025733947754,0.018826961517333984,10000,random_forest,flocet,30,5,,,,,,,,,,,,5,reset,0.5,0,,,
Car,0.9513888888888888,0.26236724853515625,0.09281373023986816,10000,random_forest,flocet,30,5,,,,,,,,,,,,5,reset,0.5,0,,,
Car,0.9606481481481481,0.26322317123413086,0.09325933456420898,10000,random_forest,flocet,30,5,,,,,,,,,,,,5,reset,0.5,0,,,
Car,0.9467592592592593,0.26915955543518066,0.09484601020812988,10000,random_forest,flocet,30,5,,,,,,,,,,,,5,reset,0.5,0,,,
Car,0.9583333333333334,0.2622547149658203,0.09288525581359863,10000,random_forest,flocet,30,5,,,,,,,,,,,,5,reset,0.5,0,,,
Car,0.9629629629629629,0.26202940940856934,0.09328079223632812,10000,random_forest,flocet,30,5,,,,,,,,,,,,5,reset,0.5,0,,,
Cardiotocography10Clases,0.8286252354048964,0.361083984375,0.11298632621765137,10000,random_forest,flocet,30,5,,,,,,,,,,,,5,reset,0.5,0,,,
Cardiotocography10Clases,0.8267419962335216,0.3629484176635742,0.11341667175292969,10000,random_forest,flocet,30,5,,,,,,,,,,,,5,reset,0.5,0,,,
Cardiotocography10Clases,0.8173258003766478,0.3591041564941406,0.1131291389465332,10000,random_forest,flocet,30,5,,,,,,,,,,,,5,reset,0.5,0,,,
Cardiotocography10Clases,0.832391713747646,0.3607923984527588,0.1132042407989502,10000,random_forest,flocet,30,5,,,,,,,,,,,,5,reset,0.5,0,,,
Cardiotocography10Clases,0.8210922787193974,0.3594543933868408,0.11325693130493164,10000,random_forest,flocet,30,5,,,,,,,,,,,,5,reset,0.5,0,,,
Cardiotocography3Clases,0.9171374764595104,0.33566713333129883,0.11087989807128906,10000,random_forest,flocet,30,5,,,,,,,,,,,,5,reset,0.5,0,,,
Cardiotocography3Clases,0.9265536723163842,0.34089088439941406,0.11081838607788086,10000,random_forest,flocet,30,5,,,,,,,,,,,,5,reset,0.5,0,,,
Cardiotocography3Clases,0.928436911487759,0.3363795280456543,0.11133527755737305,10000,random_forest,flocet,30,5,,,,,,,,,,,,5,reset,0.5,0,,,
Cardiotocography3Clases,0.9378531073446328,0.33380746841430664,0.11060786247253418,10000,random_forest,flocet,30,5,,,,,,,,,,,,5,reset,0.5,0,,,
Cardiotocography3Clases,0.9303201506591338,0.3379342555999756,0.11083340644836426,10000,random_forest,flocet,30,5,,,,,,,,,,,,5,reset,0.5,0,,,
ChessKrvk,0.7389506700883947,2.7656941413879395,1.4529297351837158,10000,random_forest,flocet,30,5,,,,,,,,,,,,5,reset,0.5,0,,,
ChessKrvk,0.7368120901055033,2.7019240856170654,1.3292591571807861,10000,random_forest,flocet,30,5,,,,,,,,,,,,5,reset,0.5,0,,,
ChessKrvk,0.7295409181636726,2.7879750728607178,1.3376123905181885,10000,random_forest,flocet,30,5,,,,,,,,,,,,5,reset,0.5,0,,,
ChessKrvk,0.7352437981180496,2.779146909713745,1.3385558128356934,10000,random_forest,flocet,30,5,,,,,,,,,,,,5,reset,0.5,0,,,
ChessKrvk,0.7309666381522669,2.8235859870910645,1.320267677307129,10000,random_forest,flocet,30,5,,,,,,,,,,,,5,reset,0.5,0,,,
ChessKrvkp,0.9937421777221527,0.39167070388793945,0.16170883178710938,10000,random_forest,flocet,30,5,,,,,,,,,,,,5,reset,0.5,0,,,
ChessKrvkp,0.9899874843554443,0.39235639572143555,0.16198134422302246,10000,random_forest,flocet,30,5,,,,,,,,,,,,5,reset,0.5,0,,,
ChessKrvkp,0.9912390488110138,0.3909602165222168,0.16203999519348145,10000,random_forest,flocet,30,5,,,,,,,,,,,,5,reset,0.5,0,,,
ChessKrvkp,0.9937421777221527,0.39100050926208496,0.16196942329406738,10000,random_forest,flocet,30,5,,,,,,,,,,,,5,reset,0.5,0,,,
ChessKrvkp,0.9987484355444305,0.39224791526794434,0.1616969108581543,10000,random_forest,flocet,30,5,,,,,,,,,,,,5,reset,0.5,0,,,
CongressionalVoting,0.5871559633027523,0.16405057907104492,0.03403329849243164,10000,random_forest,flocet,30,5,,,,,,,,,,,,5,reset,0.5,0,,,
CongressionalVoting,0.5137614678899083,0.1636970043182373,0.033914804458618164,10000,random_forest,flocet,30,5,,,,,,,,,,,,5,reset,0.5,0,,,
CongressionalVoting,0.5596330275229358,0.16383862495422363,0.033815860748291016,10000,random_forest,flocet,30,5,,,,,,,,,,,,5,reset,0.5,0,,,
CongressionalVoting,0.5688073394495413,0.1637110710144043,0.03406262397766113,10000,random_forest,flocet,30,5,,,,,,,,,,,,5,reset,0.5,0,,,
CongressionalVoting,0.6146788990825688,0.16396427154541016,0.03387808799743652,10000,random_forest,flocet,30,5,,,,,,,,,,,,5,reset,0.5,0,,,
ConnBenchSonarMinesRocks,0.7307692307692307,0.15358805656433105,0.02338266372680664,10000,random_forest,flocet,30,5,,,,,,,,,,,,5,reset,0.5,0,,,
ConnBenchSonarMinesRocks,0.7692307692307693,0.15323138236999512,0.0234222412109375,10000,random_forest,flocet,30,5,,,,,,,,,,,,5,reset,0.5,0,,,
ConnBenchSonarMinesRocks,0.7692307692307693,0.15394210815429688,0.02342700958251953,10000,random_forest,flocet,30,5,,,,,,,,,,,,5,reset,0.5,0,,,
ConnBenchSonarMinesRocks,0.7307692307692307,0.15357017517089844,0.02335381507873535,10000,random_forest,flocet,30,5,,,,,,,,,,,,5,reset,0.5,0,,,
ConnBenchSonarMinesRocks,0.7884615384615384,0.1539146900177002,0.023372888565063477,10000,random_forest,flocet,30,5,,,,,,,,,,,,5,reset,0.5,0,,,
ConnBenchVowelDeterding,0.8961038961038961,0.21300959587097168,0.10437798500061035,10000,random_forest,flocet,30,5,,,,,,,,,,,,5,reset,0.5,0,,,
ConnBenchVowelDeterding,0.8636363636363636,0.21409034729003906,0.10066366195678711,10000,random_forest,flocet,30,5,,,,,,,,,,,,5,reset,0.5,0,,,
ConnBenchVowelDeterding,0.8917748917748918,0.2121598720550537,0.1006772518157959,10000,random_forest,flocet,30,5,,,,,,,,,,,,5,reset,0.5,0,,,
ConnBenchVowelDeterding,0.8961038961038961,0.2132251262664795,0.10055279731750488,10000,random_forest,flocet,30,5,,,,,,,,,,,,5,reset,0.5,0,,,
ConnBenchVowelDeterding,0.9285714285714286,0.21209025382995605,0.10050249099731445,10000,random_forest,flocet,30,5,,,,,,,,,,,,5,reset,0.5,0,,,
Connect4,0.8579548818757772,6.642621755599976,3.2413718700408936,10000,random_forest,flocet,30,5,,,,,,,,,,,,5,reset,0.5,0,,,
Connect4,0.8554680561312097,6.651457786560059,3.2487850189208984,10000,random_forest,flocet,30,5,,,,,,,,,,,,5,reset,0.5,0,,,
Connect4,0.8533957013440701,6.7183544635772705,3.1366491317749023,10000,random_forest,flocet,30,5,,,,,,,,,,,,5,reset,0.5,0,,,
Connect4,0.8547575344899047,6.730028867721558,3.2753679752349854,10000,random_forest,flocet,30,5,,,,,,,,,,,,5,reset,0.5,0,,,
Connect4,0.8504351945052993,6.7962281703948975,3.1243081092834473,10000,random_forest,flocet,30,5,,,,,,,,,,,,5,reset,0.5,0,,,
Contrac,0.5163043478260869,0.26300048828125,0.08264517784118652,10000,random_forest,flocet,30,5,,,,,,,,,,,,5,reset,0.5,0,,,
Contrac,0.49184782608695654,0.2628791332244873,0.08272504806518555,10000,random_forest,flocet,30,5,,,,,,,,,,,,5,reset,0.5,0,,,
Contrac,0.5054347826086957,0.26372861862182617,0.0827021598815918,10000,random_forest,flocet,30,5,,,,,,,,,,,,5,reset,0.5,0,,,
Contrac,0.5081521739130435,0.2633950710296631,0.08268141746520996,10000,random_forest,flocet,30,5,,,,,,,,,,,,5,reset,0.5,0,,,
Contrac,0.49184782608695654,0.2643015384674072,0.08263540267944336,10000,random_forest,flocet,30,5,,,,,,,,,,,,5,reset,0.5,0,,,
CreditApproval,0.8662790697674418,0.18987321853637695,0.04569649696350098,10000,random_forest,flocet,30,5,,,,,,,,,,,,5,reset,0.5,0,,,
CreditApproval,0.872093023255814,0.18983054161071777,0.04565930366516113,10000,random_forest,flocet,30,5,,,,,,,,,,,,5,reset,0.5,0,,,
CreditApproval,0.8372093023255814,0.1895439624786377,0.045632362365722656,10000,random_forest,flocet,30,5,,,,,,,,,,,,5,reset,0.5,0,,,
CreditApproval,0.8662790697674418,0.1898057460784912,0.04562807083129883,10000,random_forest,flocet,30,5,,,,,,,,,,,,5,reset,0.5,0,,,
CreditApproval,0.8604651162790697,0.18909573554992676,0.04568839073181152,10000,random_forest,flocet,30,5,,,,,,,,,,,,5,reset,0.5,0,,,
CylinderBands,0.71875,0.1804356575012207,0.03762960433959961,10000,random_forest,flocet,30,5,,,,,,,,,,,,5,reset,0.5,0,,,
CylinderBands,0.75,0.17935943603515625,0.03784370422363281,10000,random_forest,flocet,30,5,,,,,,,,,,,,5,reset,0.5,0,,,
CylinderBands,0.640625,0.1795969009399414,0.037764787673950195,10000,random_forest,flocet,30,5,,,,,,,,,,,,5,reset,0.5,0,,,
CylinderBands,0.6875,0.17903375625610352,0.03783869743347168,10000,random_forest,flocet,30,5,,,,,,,,,,,,5,reset,0.5,0,,,
CylinderBands,0.6171875,0.1799333095550537,0.03765439987182617,10000,random_forest,flocet,30,5,,,,,,,,,,,,5,reset,0.5,0,,,
Dermatology,0.967032967032967,0.1608424186706543,0.030968189239501953,10000,random_forest,flocet,30,5,,,,,,,,,,,,5,reset,0.5,0,,,
Dermatology,1.0,0.16024303436279297,0.030852079391479492,10000,random_forest,flocet,30,5,,,,,,,,,,,,5,reset,0.5,0,,,
Dermatology,0.989010989010989,0.16043949127197266,0.03086543083190918,10000,random_forest,flocet,30,5,,,,,,,,,,,,5,reset,0.5,0,,,
Dermatology,0.978021978021978,0.16016387939453125,0.03085160255432129,10000,random_forest,flocet,30,5,,,,,,,,,,,,5,reset,0.5,0,,,
Dermatology,0.978021978021978,0.16007685661315918,0.030925512313842773,10000,random_forest,flocet,30,5,,,,,,,,,,,,5,reset,0.5,0,,,
Echocardiogram,0.9090909090909091,0.14055204391479492,0.019826650619506836,10000,random_forest,flocet,30,5,,,,,,,,,,,,5,reset,0.5,0,,,
Echocardiogram,0.8787878787878788,0.1399989128112793,0.019826412200927734,10000,random_forest,flocet,30,5,,,,,,,,,,,,5,reset,0.5,0,,,
Echocardiogram,0.8787878787878788,0.14026784896850586,0.019909143447875977,10000,random_forest,flocet,30,5,,,,,,,,,,,,5,reset,0.5,0,,,
Echocardiogram,0.8484848484848485,0.14059734344482422,0.01983475685119629,10000,random_forest,flocet,30,5,,,,,,,,,,,,5,reset,0.5,0,,,
Echocardiogram,0.8181818181818182,0.1403672695159912,0.019828319549560547,10000,random_forest,flocet,30,5,,,,,,,,,,,,5,reset,0.5,0,,,
Ecoli,0.8333333333333334,0.15837359428405762,0.029574871063232422,10000,random_forest,flocet,30,5,,,,,,,,,,,,5,reset,0.5,0,,,
Ecoli,0.8333333333333334,0.15712261199951172,0.029567956924438477,10000,random_forest,flocet,30,5,,,,,,,,,,,,5,reset,0.5,0,,,
Ecoli,0.8095238095238095,0.15803194046020508,0.029612064361572266,10000,random_forest,flocet,30,5,,,,,,,,,,,,5,reset,0.5,0,,,
Ecoli,0.8452380952380952,0.15790724754333496,0.029681921005249023,10000,random_forest,flocet,30,5,,,,,,,,,,,,5,reset,0.5,0,,,
Ecoli,0.8690476190476191,0.15886473655700684,0.029634952545166016,10000,random_forest,flocet,30,5,,,,,,,,,,,,5,reset,0.5,0,,,
EnergyY1,0.953125,0.18886518478393555,0.049225807189941406,10000,random_forest,flocet,30,5,,,,,,,,,,,,5,reset,0.5,0,,,
EnergyY1,0.9375,0.18827557563781738,0.049266815185546875,10000,random_forest,flocet,30,5,,,,,,,,,,,,5,reset,0.5,0,,,
EnergyY1,0.9479166666666666,0.18866968154907227,0.04936814308166504,10000,random_forest,flocet,30,5,,,,,,,,,,,,5,reset,0.5,0,,,
EnergyY1,0.953125,0.1884756088256836,0.049280643463134766,10000,random_forest,flocet,30,5,,,,,,,,,,,,5,reset,0.5,0,,,
EnergyY1,0.9583333333333334,0.18849611282348633,0.049208641052246094,10000,random_forest,flocet,30,5,,,,,,,,,,,,5,reset,0.5,0,,,
EnergyY2,0.9010416666666666,0.1892387866973877,0.04914259910583496,10000,random_forest,flocet,30,5,,,,,,,,,,,,5,reset,0.5,0,,,
EnergyY2,0.890625,0.18884062767028809,0.04910635948181152,10000,random_forest,flocet,30,5,,,,,,,,,,,,5,reset,0.5,0,,,
EnergyY2,0.90625,0.18852686882019043,0.04921269416809082,10000,random_forest,flocet,30,5,,,,,,,,,,,,5,reset,0.5,0,,,
EnergyY2,0.8958333333333334,0.18822598457336426,0.049128055572509766,10000,random_forest,flocet,30,5,,,,,,,,,,,,5,reset,0.5,0,,,
EnergyY2,0.890625,0.1886744499206543,0.04925799369812012,10000,random_forest,flocet,30,5,,,,,,,,,,,,5,reset,0.5,0,,,
Fertility,0.92,0.13672995567321777,0.018407106399536133,10000,random_forest,flocet,30,5,,,,,,,,,,,,5,reset,0.5,0,,,
Fertility,0.88,0.13650131225585938,0.018334150314331055,10000,random_forest,flocet,30,5,,,,,,,,,,,,5,reset,0.5,0,,,
Fertility,0.88,0.137099027633667,0.018480539321899414,10000,random_forest,flocet,30,5,,,,,,,,,,,,5,reset,0.5,0,,,
Fertility,0.88,0.13637900352478027,0.018419265747070312,10000,random_forest,flocet,30,5,,,,,,,,,,,,5,reset,0.5,0,,,
Fertility,0.88,0.13699078559875488,0.018447160720825195,10000,random_forest,flocet,30,5,,,,,,,,,,,,5,reset,0.5,0,,,
Flags,0.7083333333333334,0.14803552627563477,0.02309727668762207,10000,random_forest,flocet,30,5,,,,,,,,,,,,5,reset,0.5,0,,,
Flags,0.6458333333333334,0.14807701110839844,0.02305293083190918,10000,random_forest,flocet,30,5,,,,,,,,,,,,5,reset,0.5,0,,,
Flags,0.6041666666666666,0.14799237251281738,0.02301502227783203,10000,random_forest,flocet,30,5,,,,,,,,,,,,5,reset,0.5,0,,,
Flags,0.625,0.1477820873260498,0.022973299026489258,10000,random_forest,flocet,30,5,,,,,,,,,,,,5,reset,0.5,0,,,
Flags,0.6875,0.1477651596069336,0.022949695587158203,10000,random_forest,flocet,30,5,,,,,,,,,,,,5,reset,0.5,0,,,
Glass,0.5471698113207547,0.1507570743560791,0.023787975311279297,10000,random_forest,flocet,30,5,,,,,,,,,,,,5,reset,0.5,0,,,
Glass,0.5660377358490566,0.1503925323486328,0.023797988891601562,10000,random_forest,flocet,30,5,,,,,,,,,,,,5,reset,0.5,0,,,
Glass,0.5471698113207547,0.15052247047424316,0.023808002471923828,10000,random_forest,flocet,30,5,,,,,,,,,,,,5,reset,0.5,0,,,
Glass,0.5849056603773585,0.15031647682189941,0.02385091781616211,10000,random_forest,flocet,30,5,,,,,,,,,,,,5,reset,0.5,0,,,
Glass,0.6415094339622641,0.15094876289367676,0.0238034725189209,10000,random_forest,flocet,30,5,,,,,,,,,,,,5,reset,0.5,0,,,
HabermanSurvival,0.75,0.15378379821777344,0.02788853645324707,10000,random_forest,flocet,30,5,,,,,,,,,,,,5,reset,0.5,0,,,
HabermanSurvival,0.6447368421052632,0.1542038917541504,0.0279543399810791,10000,random_forest,flocet,30,5,,,,,,,,,,,,5,reset,0.5,0,,,
HabermanSurvival,0.7236842105263158,0.15490484237670898,0.028027772903442383,10000,random_forest,flocet,30,5,,,,,,,,,,,,5,reset,0.5,0,,,
HabermanSurvival,0.6973684210526315,0.15391921997070312,0.027932405471801758,10000,random_forest,flocet,30,5,,,,,,,,,,,,5,reset,0.5,0,,,
HabermanSurvival,0.6973684210526315,0.15376782417297363,0.027899503707885742,10000,random_forest,flocet,30,5,,,,,,,,,,,,5,reset,0.5,0,,,
HayesRoth,0.7857142857142857,0.14327335357666016,0.0190279483795166,10000,random_forest,flocet,30,5,,,,,,,,,,,,5,reset,0.5,0,,,
HayesRoth,0.8571428571428571,0.1428055763244629,0.018935680389404297,10000,random_forest,flocet,30,5,,,,,,,,,,,,5,reset,0.5,0,,,
HayesRoth,0.8571428571428571,0.14263701438903809,0.018923282623291016,10000,random_forest,flocet,30,5,,,,,,,,,,,,5,reset,0.5,0,,,
HayesRoth,0.8928571428571429,0.14302372932434082,0.018947601318359375,10000,random_forest,flocet,30,5,,,,,,,,,,,,5,reset,0.5,0,,,
HayesRoth,0.8571428571428571,0.1427323818206787,0.0189664363861084,10000,random_forest,flocet,30,5,,,,,,,,,,,,5,reset,0.5,0,,,
HeartCleveland,0.631578947368421,0.1577160358428955,0.028139591217041016,10000,random_forest,flocet,30,5,,,,,,,,,,,,5,reset,0.5,0,,,
HeartCleveland,0.618421052631579,0.15680241584777832,0.0280454158782959,10000,random_forest,flocet,30,5,,,,,,,,,,,,5,reset,0.5,0,,,
HeartCleveland,0.618421052631579,0.15658974647521973,0.028069019317626953,10000,random_forest,flocet,30,5,,,,,,,,,,,,5,reset,0.5,0,,,
HeartCleveland,0.618421052631579,0.1568758487701416,0.027997493743896484,10000,random_forest,flocet,30,5,,,,,,,,,,,,5,reset,0.5,0,,,
HeartCleveland,0.5789473684210527,0.15639305114746094,0.028142213821411133,10000,random_forest,flocet,30,5,,,,,,,,,,,,5,reset,0.5,0,,,
HeartHungarian,0.7671232876712328,0.15373873710632324,0.027292966842651367,10000,random_forest,flocet,30,5,,,,,,,,,,,,5,reset,0.5,0,,,
HeartHungarian,0.7397260273972602,0.15376591682434082,0.027273178100585938,10000,random_forest,flocet,30,5,,,,,,,,,,,,5,reset,0.5,0,,,
HeartHungarian,0.7397260273972602,0.15362071990966797,0.027324438095092773,10000,random_forest,flocet,30,5,,,,,,,,,,,,5,reset,0.5,0,,,
HeartHungarian,0.8082191780821918,0.1539604663848877,0.02729964256286621,10000,random_forest,flocet,30,5,,,,,,,,,,,,5,reset,0.5,0,,,
HeartHungarian,0.7397260273972602,0.15445804595947266,0.027317047119140625,10000,random_forest,flocet,30,5,,,,,,,,,,,,5,reset,0.5,0,,,
HeartSwitzerland,0.3870967741935484,0.14105629920959473,0.019852399826049805,10000,random_forest,flocet,30,5,,,,,,,,,,,,5,reset,0.5,0,,,
HeartSwitzerland,0.2903225806451613,0.1411755084991455,0.019749164581298828,10000,random_forest,flocet,30,5,,,,,,,,,,,,5,reset,0.5,0,,,
HeartSwitzerland,0.3870967741935484,0.14073753356933594,0.01985335350036621,10000,random_forest,flocet,30,5,,,,,,,,,,,,5,reset,0.5,0,,,
HeartSwitzerland,0.41935483870967744,0.1408860683441162,0.01980280876159668,10000,random_forest,flocet,30,5,,,,,,,,,,,,5,reset,0.5,0,,,
HeartSwitzerland,0.3548387096774194,0.14063048362731934,0.019669771194458008,10000,random_forest,flocet,30,5,,,,,,,,,,,,5,reset,0.5,0,,,
HeartVa,0.24,0.1483440399169922,0.02334308624267578,10000,random_forest,flocet,30,5,,,,,,,,,,,,5,reset,0.5,0,,,
HeartVa,0.4,0.14768290519714355,0.023333311080932617,10000,random_forest,flocet,30,5,,,,,,,,,,,,5,reset,0.5,0,,,
HeartVa,0.38,0.1481926441192627,0.02339768409729004,10000,random_forest,flocet,30,5,,,,,,,,,,,,5,reset,0.5,0,,,
HeartVa,0.28,0.14778733253479004,0.023393869400024414,10000,random_forest,flocet,30,5,,,,,,,,,,,,5,reset,0.5,0,,,
HeartVa,0.34,0.1477813720703125,0.023426532745361328,10000,random_forest,flocet,30,5,,,,,,,,,,,,5,reset,0.5,0,,,
Hepatitis,0.8461538461538461,0.14187097549438477,0.020964384078979492,10000,random_forest,flocet,30,5,,,,,,,,,,,,5,reset,0.5,0,,,
Hepatitis,0.7948717948717948,0.14174246788024902,0.020986080169677734,10000,random_forest,flocet,30,5,,,,,,,,,,,,5,reset,0.5,0,,,
Hepatitis,0.8205128205128205,0.1408541202545166,0.020966291427612305,10000,random_forest,flocet,30,5,,,,,,,,,,,,5,reset,0.5,0,,,
Hepatitis,0.7948717948717948,0.14165711402893066,0.021010160446166992,10000,random_forest,flocet,30,5,,,,,,,,,,,,5,reset,0.5,0,,,
Hepatitis,0.7692307692307693,0.14165472984313965,0.020867586135864258,10000,random_forest,flocet,30,5,,,,,,,,,,,,5,reset,0.5,0,,,
HillValley,0.5033003300330033,0.319866418838501,0.127882719039917,10000,random_forest,flocet,30,5,,,,,,,,,,,,5,reset,0.5,0,,,
HillValley,0.5429042904290429,0.30998897552490234,0.12735366821289062,10000,random_forest,flocet,30,5,,,,,,,,,,,,5,reset,0.5,0,,,
HillValley,0.5214521452145214,0.3048372268676758,0.12736964225769043,10000,random_forest,flocet,30,5,,,,,,,,,,,,5,reset,0.5,0,,,
HillValley,0.528052805280528,0.3422119617462158,0.12910819053649902,10000,random_forest,flocet,30,5,,,,,,,,,,,,5,reset,0.5,0,,,
HillValley,0.5396039603960396,0.32058143615722656,0.13144588470458984,10000,random_forest,flocet,30,5,,,,,,,,,,,,5,reset,0.5,0,,,
HorseColic,0.8676470588235294,0.16761016845703125,0.0265047550201416,10000,random_forest,flocet,30,5,,,,,,,,,,,,5,reset,0.5,0,,,
HorseColic,0.8382352941176471,0.16550922393798828,0.026411056518554688,10000,random_forest,flocet,30,5,,,,,,,,,,,,5,reset,0.5,0,,,
HorseColic,0.8382352941176471,0.16586565971374512,0.026481151580810547,10000,random_forest,flocet,30,5,,,,,,,,,,,,5,reset,0.5,0,,,
HorseColic,0.8529411764705882,0.1660780906677246,0.026516437530517578,10000,random_forest,flocet,30,5,,,,,,,,,,,,5,reset,0.5,0,,,
HorseColic,0.8823529411764706,0.16475462913513184,0.026438474655151367,10000,random_forest,flocet,30,5,,,,,,,,,,,,5,reset,0.5,0,,,
IlpdIndianLiver,0.684931506849315,0.1854689121246338,0.04071855545043945,10000,random_forest,flocet,30,5,,,,,,,,,,,,5,reset,0.5,0,,,
IlpdIndianLiver,0.726027397260274,0.18704771995544434,0.040993452072143555,10000,random_forest,flocet,30,5,,,,,,,,,,,,5,reset,0.5,0,,,
IlpdIndianLiver,0.6917808219178082,0.18563055992126465,0.04078221321105957,10000,random_forest,flocet,30,5,,,,,,,,,,,,5,reset,0.5,0,,,
IlpdIndianLiver,0.7123287671232876,0.18492913246154785,0.040766239166259766,10000,random_forest,flocet,30,5,,,,,,,,,,,,5,reset,0.5,0,,,
IlpdIndianLiver,0.6917808219178082,0.18654799461364746,0.04080939292907715,10000,random_forest,flocet,30,5,,,,,,,,,,,,5,reset,0.5,0,,,
ImageSegmentation,0.8480952380952381,0.15807557106018066,0.4810905456542969,10000,random_forest,flocet,30,5,,,,,,,,,,,,5,reset,0.5,0,,,
ImageSegmentation,0.8452380952380952,0.15807414054870605,0.39495134353637695,10000,random_forest,flocet,30,5,,,,,,,,,,,,5,reset,0.5,0,,,
ImageSegmentation,0.8923809523809524,0.1581559181213379,0.3942110538482666,10000,random_forest,flocet,30,5,,,,,,,,,,,,5,reset,0.5,0,,,
ImageSegmentation,0.8857142857142857,0.15816664695739746,0.39514684677124023,10000,random_forest,flocet,30,5,,,,,,,,,,,,5,reset,0.5,0,,,
ImageSegmentation,0.8957142857142857,0.15830278396606445,0.39539265632629395,10000,random_forest,flocet,30,5,,,,,,,,,,,,5,reset,0.5,0,,,
Ionosphere,0.9318181818181818,0.16536927223205566,0.029195308685302734,10000,random_forest,flocet,30,5,,,,,,,,,,,,5,reset,0.5,0,,,
Ionosphere,0.9431818181818182,0.16655421257019043,0.029207706451416016,10000,random_forest,flocet,30,5,,,,,,,,,,,,5,reset,0.5,0,,,
Ionosphere,0.9431818181818182,0.16466546058654785,0.029314756393432617,10000,random_forest,flocet,30,5,,,,,,,,,,,,5,reset,0.5,0,,,
Ionosphere,0.9545454545454546,0.16647577285766602,0.029268503189086914,10000,random_forest,flocet,30,5,,,,,,,,,,,,5,reset,0.5,0,,,
Ionosphere,0.9545454545454546,0.16631603240966797,0.029372453689575195,10000,random_forest,flocet,30,5,,,,,,,,,,,,5,reset,0.5,0,,,
Iris,0.972972972972973,0.13884902000427246,0.019980669021606445,10000,random_forest,flocet,30,5,,,,,,,,,,,,5,reset,0.5,0,,,
Iris,0.972972972972973,0.13834309577941895,0.020128250122070312,10000,random_forest,flocet,30,5,,,,,,,,,,,,5,reset,0.5,0,,,
Iris,0.972972972972973,0.14051485061645508,0.02055525779724121,10000,random_forest,flocet,30,5,,,,,,,,,,,,5,reset,0.5,0,,,
Iris,0.972972972972973,0.13881206512451172,0.019983768463134766,10000,random_forest,flocet,30,5,,,,,,,,,,,,5,reset,0.5,0,,,
Iris,0.972972972972973,0.13871526718139648,0.019965171813964844,10000,random_forest,flocet,30,5,,,,,,,,,,,,5,reset,0.5,0,,,
LedDisplay,0.74,0.20444464683532715,0.05924272537231445,10000,random_forest,flocet,30,5,,,,,,,,,,,,5,reset,0.5,0,,,
LedDisplay,0.748,0.20447230339050293,0.05915045738220215,10000,random_forest,flocet,30,5,,,,,,,,,,,,5,reset,0.5,0,,,
LedDisplay,0.756,0.2039806842803955,0.0591731071472168,10000,random_forest,flocet,30,5,,,,,,,,,,,,5,reset,0.5,0,,,
LedDisplay,0.764,0.20414519309997559,0.059296607971191406,10000,random_forest,flocet,30,5,,,,,,,,,,,,5,reset,0.5,0,,,
LedDisplay,0.724,0.20384788513183594,0.05896401405334473,10000,random_forest,flocet,30,5,,,,,,,,,,,,5,reset,0.5,0,,,
Lenses,0.8333333333333334,0.130875825881958,0.014868497848510742,10000,random_forest,flocet,30,5,,,,,,,,,,,,5,reset,0.5,0,,,
Lenses,0.6666666666666666,0.1308286190032959,0.014944314956665039,10000,random_forest,flocet,30,5,,,,,,,,,,,,5,reset,0.5,0,,,
Lenses,0.6666666666666666,0.1309206485748291,0.014905929565429688,10000,random_forest,flocet,30,5,,,,,,,,,,,,5,reset,0.5,0,,,
Lenses,0.6666666666666666,0.1307365894317627,0.014955997467041016,10000,random_forest,flocet,30,5,,,,,,,,,,,,5,reset,0.5,0,,,
Lenses,0.6666666666666666,0.1309041976928711,0.0149078369140625,10000,random_forest,flocet,30,5,,,,,,,,,,,,5,reset,0.5,0,,,
Letter,0.9152,2.235665798187256,0.9188814163208008,10000,random_forest,flocet,30,5,,,,,,,,,,,,5,reset,0.5,0,,,
Letter,0.9166,2.321647882461548,0.9419906139373779,10000,random_forest,flocet,30,5,,,,,,,,,,,,5,reset,0.5,0,,,
Letter,0.9096,2.283796548843384,0.9755852222442627,10000,random_forest,flocet,30,5,,,,,,,,,,,,5,reset,0.5,0,,,
Letter,0.9198,2.2514753341674805,1.0099759101867676,10000,random_forest,flocet,30,5,,,,,,,,,,,,5,reset,0.5,0,,,
Letter,0.917,2.294966459274292,0.9409432411193848,10000,random_forest,flocet,30,5,,,,,,,,,,,,5,reset,0.5,0,,,
Libras,0.5888888888888889,0.19889354705810547,0.03130936622619629,10000,random_forest,flocet,30,5,,,,,,,,,,,,5,reset,0.5,0,,,
Libras,0.6666666666666666,0.19862580299377441,0.03140854835510254,10000,random_forest,flocet,30,5,,,,,,,,,,,,5,reset,0.5,0,,,
Libras,0.6222222222222222,0.1988229751586914,0.03134441375732422,10000,random_forest,flocet,30,5,,,,,,,,,,,,5,reset,0.5,0,,,
Libras,0.6444444444444445,0.19749140739440918,0.03137803077697754,10000,random_forest,flocet,30,5,,,,,,,,,,,,5,reset,0.5,0,,,
Libras,0.6444444444444445,0.19810223579406738,0.031215906143188477,10000,random_forest,flocet,30,5,,,,,,,,,,,,5,reset,0.5,0,,,
LowResSpect,0.8571428571428571,0.21602940559387207,0.03892350196838379,10000,random_forest,flocet,30,5,,,,,,,,,,,,5,reset,0.5,0,,,
LowResSpect,0.8796992481203008,0.21468806266784668,0.039322853088378906,10000,random_forest,flocet,30,5,,,,,,,,,,,,5,reset,0.5,0,,,
LowResSpect,0.849624060150376,0.21500635147094727,0.03916144371032715,10000,random_forest,flocet,30,5,,,,,,,,,,,,5,reset,0.5,0,,,
LowResSpect,0.8571428571428571,0.21333575248718262,0.03909158706665039,10000,random_forest,flocet,30,5,,,,,,,,,,,,5,reset,0.5,0,,,
LowResSpect,0.8646616541353384,0.21860456466674805,0.03924369812011719,10000,random_forest,flocet,30,5,,,,,,,,,,,,5,reset,0.5,0,,,
LungCancer,0.375,0.1318044662475586,0.015261173248291016,10000,random_forest,flocet,30,5,,,,,,,,,,,,5,reset,0.5,0,,,
LungCancer,0.5,0.13156580924987793,0.015233278274536133,10000,random_forest,flocet,30,5,,,,,,,,,,,,5,reset,0.5,0,,,
LungCancer,0.25,0.13327670097351074,0.015485525131225586,10000,random_forest,flocet,30,5,,,,,,,,,,,,5,reset,0.5,0,,,
LungCancer,0.625,0.13183951377868652,0.015244722366333008,10000,random_forest,flocet,30,5,,,,,,,,,,,,5,reset,0.5,0,,,
LungCancer,0.375,0.13135242462158203,0.015290498733520508,10000,random_forest,flocet,30,5,,,,,,,,,,,,5,reset,0.5,0,,,
Lymphography,0.8648648648648649,0.1415712833404541,0.020902395248413086,10000,random_forest,flocet,30,5,,,,,,,,,,,,5,reset,0.5,0,,,
Lymphography,0.9459459459459459,0.14137482643127441,0.020835399627685547,10000,random_forest,flocet,30,5,,,,,,,,,,,,5,reset,0.5,0,,,
Lymphography,0.918918918918919,0.1409893035888672,0.020560503005981445,10000,random_forest,flocet,30,5,,,,,,,,,,,,5,reset,0.5,0,,,
Lymphography,0.8108108108108109,0.14101481437683105,0.020741701126098633,10000,random_forest,flocet,30,5,,,,,,,,,,,,5,reset,0.5,0,,,
Lymphography,0.8648648648648649,0.14152812957763672,0.020784616470336914,10000,random_forest,flocet,30,5,,,,,,,,,,,,5,reset,0.5,0,,,
Magic,0.7165089379600421,3.2743964195251465,0.8487367630004883,10000,random_forest,flocet,30,5,,,,,,,,,,,,5,reset,0.5,0,,,
Magic,0.6927444794952682,3.366868734359741,0.8525407314300537,10000,random_forest,flocet,30,5,,,,,,,,,,,,5,reset,0.5,0,,,
Magic,0.7144058885383806,3.290778160095215,0.8504683971405029,10000,random_forest,flocet,30,5,,,,,,,,,,,,5,reset,0.5,0,,,
Magic,0.6723449001051525,3.257448673248291,0.919994592666626,10000,random_forest,flocet,30,5,,,,,,,,,,,,5,reset,0.5,0,,,
Magic,0.6304942166140904,3.28903865814209,0.8485004901885986,10000,random_forest,flocet,30,5,,,,,,,,,,,,5,reset,0.5,0,,,
Mammographic,0.7333333333333333,0.20620131492614746,0.05626702308654785,10000,random_forest,flocet,30,5,,,,,,,,,,,,5,reset,0.5,0,,,
Mammographic,0.6833333333333333,0.2093501091003418,0.058233022689819336,10000,random_forest,flocet,30,5,,,,,,,,,,,,5,reset,0.5,0,,,
Mammographic,0.7291666666666666,0.20864653587341309,0.057810068130493164,10000,random_forest,flocet,30,5,,,,,,,,,,,,5,reset,0.5,0,,,
Mammographic,0.7458333333333333,0.208298921585083,0.0577547550201416,10000,random_forest,flocet,30,5,,,,,,,,,,,,5,reset,0.5,0,,,
Mammographic,0.4666666666666667,0.2161273956298828,0.05896615982055664,10000,random_forest,flocet,30,5,,,,,,,,,,,,5,reset,0.5,0,,,
Miniboone,0.803788903924222,41.05490589141846,5.883249044418335,10000,random_forest,flocet,30,5,,,,,,,,,,,,5,reset,0.5,0,,,
Miniboone,0.8096629351703777,40.128170013427734,6.045202255249023,10000,random_forest,flocet,30,5,,,,,,,,,,,,5,reset,0.5,0,,,
Miniboone,0.8226104071841555,41.06898379325867,6.0258495807647705,10000,random_forest,flocet,30,5,,,,,,,,,,,,5,reset,0.5,0,,,
Miniboone,0.763378029277894,40.29385447502136,5.862004041671753,10000,random_forest,flocet,30,5,,,,,,,,,,,,5,reset,0.5,0,,,
Miniboone,0.820980440398573,40.550572872161865,6.024168968200684,10000,random_forest,flocet,30,5,,,,,,,,,,,,5,reset,0.5,0,,,
MolecBiolPromoter,0.8461538461538461,0.1389145851135254,0.018541336059570312,10000,random_forest,flocet,30,5,,,,,,,,,,,,5,reset,0.5,0,,,
MolecBiolPromoter,0.9230769230769231,0.1387500762939453,0.018634796142578125,10000,random_forest,flocet,30,5,,,,,,,,,,,,5,reset,0.5,0,,,
MolecBiolPromoter,0.8076923076923077,0.1422126293182373,0.019574642181396484,10000,random_forest,flocet,30,5,,,,,,,,,,,,5,reset,0.5,0,,,
MolecBiolPromoter,0.8461538461538461,0.1390829086303711,0.018581867218017578,10000,random_forest,flocet,30,5,,,,,,,,,,,,5,reset,0.5,0,,,
MolecBiolPromoter,0.9615384615384616,0.13870859146118164,0.01859736442565918,10000,random_forest,flocet,30,5,,,,,,,,,,,,5,reset,0.5,0,,,
MolecBiolSplice,0.8092848180677541,0.45386409759521484,0.1625041961669922,10000,random_forest,flocet,30,5,,,,,,,,,,,,5,reset,0.5,0,,,
MolecBiolSplice,0.7892095357590966,0.45188140869140625,0.16220736503601074,10000,random_forest,flocet,30,5,,,,,,,,,,,,5,reset,0.5,0,,,
MolecBiolSplice,0.766624843161857,0.5306305885314941,0.16234469413757324,10000,random_forest,flocet,30,5,,,,,,,,,,,,5,reset,0.5,0,,,
MolecBiolSplice,0.8268506900878294,0.45441293716430664,0.1629173755645752,10000,random_forest,flocet,30,5,,,,,,,,,,,,5,reset,0.5,0,,,
MolecBiolSplice,0.7703889585947302,0.4521961212158203,0.16260528564453125,10000,random_forest,flocet,30,5,,,,,,,,,,,,5,reset,0.5,0,,,
Monks1,0.8379629629629629,0.14243483543395996,0.0922389030456543,10000,random_forest,flocet,30,5,,,,,,,,,,,,5,reset,0.5,0,,,
Monks1,0.8055555555555556,0.14197254180908203,0.09197545051574707,10000,random_forest,flocet,30,5,,,,,,,,,,,,5,reset,0.5,0,,,
Monks1,0.8865740740740741,0.14206528663635254,0.0919797420501709,10000,random_forest,flocet,30,5,,,,,,,,,,,,5,reset,0.5,0,,,
Monks1,0.8101851851851852,0.14214277267456055,0.09203958511352539,10000,random_forest,flocet,30,5,,,,,,,,,,,,5,reset,0.5,0,,,
Monks1,0.8402777777777778,0.14193224906921387,0.09216713905334473,10000,random_forest,flocet,30,5,,,,,,,,,,,,5,reset,0.5,0,,,
Monks2,0.7152777777777778,0.14750218391418457,0.09210538864135742,10000,random_forest,flocet,30,5,,,,,,,,,,,,5,reset,0.5,0,,,
Monks2,0.7106481481481481,0.14748048782348633,0.09232950210571289,10000,random_forest,flocet,30,5,,,,,,,,,,,,5,reset,0.5,0,,,
Monks2,0.7175925925925926,0.14731955528259277,0.0922231674194336,10000,random_forest,flocet,30,5,,,,,,,,,,,,5,reset,0.5,0,,,
Monks2,0.7152777777777778,0.14756035804748535,0.09244871139526367,10000,random_forest,flocet,30,5,,,,,,,,,,,,5,reset,0.5,0,,,
Monks2,0.7152777777777778,0.14748334884643555,0.09249329566955566,10000,random_forest,flocet,30,5,,,,,,,,,,,,5,reset,0.5,0,,,
Monks3,0.9421296296296297,0.1418154239654541,0.09202194213867188,10000,random_forest,flocet,30,5,,,,,,,,,,,,5,reset,0.5,0,,,
Monks3,0.9560185185185185,0.1417369842529297,0.09198403358459473,10000,random_forest,flocet,30,5,,,,,,,,,,,,5,reset,0.5,0,,,
Monks3,0.9421296296296297,0.14116787910461426,0.09192776679992676,10000,random_forest,flocet,30,5,,,,,,,,,,,,5,reset,0.5,0,,,
Monks3,0.9490740740740741,0.14174342155456543,0.09220218658447266,10000,random_forest,flocet,30,5,,,,,,,,,,,,5,reset,0.5,0,,,
Monks3,0.9652777777777778,0.14153766632080078,0.0922236442565918,10000,random_forest,flocet,30,5,,,,,,,,,,,,5,reset,0.5,0,,,
Mushroom,1.0,0.7343909740447998,0.3805522918701172,10000,random_forest,flocet,30,5,,,,,,,,,,,,5,reset,0.5,0,,,
Mushroom,1.0,0.736220121383667,0.3808767795562744,10000,random_forest,flocet,30,5,,,,,,,,,,,,5,reset,0.5,0,,,
Mushroom,1.0,0.7364182472229004,0.38033223152160645,10000,random_forest,flocet,30,5,,,,,,,,,,,,5,reset,0.5,0,,,
Mushroom,1.0,0.7346091270446777,0.37935352325439453,10000,random_forest,flocet,30,5,,,,,,,,,,,,5,reset,0.5,0,,,
Mushroom,1.0,0.7327897548675537,0.3783290386199951,10000,random_forest,flocet,30,5,,,,,,,,,,,,5,reset,0.5,0,,,
Musk1,0.6722689075630253,0.2125561237335205,0.03638935089111328,10000,random_forest,flocet,30,5,,,,,,,,,,,,5,reset,0.5,0,,,
Musk1,0.7983193277310925,0.21253490447998047,0.03623199462890625,10000,random_forest,flocet,30,5,,,,,,,,,,,,5,reset,0.5,0,,,
Musk1,0.7226890756302521,0.2128300666809082,0.03616786003112793,10000,random_forest,flocet,30,5,,,,,,,,,,,,5,reset,0.5,0,,,
Musk1,0.7310924369747899,0.21193909645080566,0.036346435546875,10000,random_forest,flocet,30,5,,,,,,,,,,,,5,reset,0.5,0,,,
Musk1,0.7142857142857143,0.21470165252685547,0.03624892234802246,10000,random_forest,flocet,30,5,,,,,,,,,,,,5,reset,0.5,0,,,
Musk2,0.9672528805336568,1.454106092453003,0.39014720916748047,10000,random_forest,flocet,30,5,,,,,,,,,,,,5,reset,0.5,0,,,
Musk2,0.9648271679805943,1.4598751068115234,0.3225839138031006,10000,random_forest,flocet,30,5,,,,,,,,,,,,5,reset,0.5,0,,,
Musk2,0.960582171012735,1.44673490524292,0.32251644134521484,10000,random_forest,flocet,30,5,,,,,,,,,,,,5,reset,0.5,0,,,
Musk2,0.9630078835657975,1.464827060699463,0.32262468338012695,10000,random_forest,flocet,30,5,,,,,,,,,,,,5,reset,0.5,0,,,
Musk2,0.968465736810188,1.4690032005310059,0.3225717544555664,10000,random_forest,flocet,30,5,,,,,,,,,,,,5,reset,0.5,0,,,
Nursery,0.980246913580247,1.1530303955078125,0.6149837970733643,10000,random_forest,flocet,30,5,,,,,,,,,,,,5,reset,0.5,0,,,
Nursery,0.9820987654320987,1.1567132472991943,0.614105224609375,10000,random_forest,flocet,30,5,,,,,,,,,,,,5,reset,0.5,0,,,
Nursery,0.9842592592592593,1.2171976566314697,0.6146113872528076,10000,random_forest,flocet,30,5,,,,,,,,,,,,5,reset,0.5,0,,,
Nursery,0.9820987654320987,1.1449558734893799,0.6144697666168213,10000,random_forest,flocet,30,5,,,,,,,,,,,,5,reset,0.5,0,,,
Nursery,0.9864197530864197,1.1505405902862549,0.6144998073577881,10000,random_forest,flocet,30,5,,,,,,,,,,,,5,reset,0.5,0,,,
OocytesMerlucciusNucleus4d,0.7450980392156863,0.2815582752227783,0.061215877532958984,10000,random_forest,flocet,30,5,,,,,,,,,,,,5,reset,0.5,0,,,
OocytesMerlucciusNucleus4d,0.7450980392156863,0.28403496742248535,0.06125664710998535,10000,random_forest,flocet,30,5,,,,,,,,,,,,5,reset,0.5,0,,,
OocytesMerlucciusNucleus4d,0.7098039215686275,0.28368115425109863,0.06130266189575195,10000,random_forest,flocet,30,5,,,,,,,,,,,,5,reset,0.5,0,,,
OocytesMerlucciusNucleus4d,0.7764705882352941,0.2853550910949707,0.061283111572265625,10000,random_forest,flocet,30,5,,,,,,,,,,,,5,reset,0.5,0,,,
OocytesMerlucciusNucleus4d,0.7411764705882353,0.2829012870788574,0.06143975257873535,10000,random_forest,flocet,30,5,,,,,,,,,,,,5,reset,0.5,0,,,
OocytesMerlucciusStates2f,0.8901960784313725,0.25234127044677734,0.06428980827331543,10000,random_forest,flocet,30,5,,,,,,,,,,,,5,reset,0.5,0,,,
OocytesMerlucciusStates2f,0.8784313725490196,0.2536275386810303,0.05925750732421875,10000,random_forest,flocet,30,5,,,,,,,,,,,,5,reset,0.5,0,,,
OocytesMerlucciusStates2f,0.8823529411764706,0.2528235912322998,0.05925941467285156,10000,random_forest,flocet,30,5,,,,,,,,,,,,5,reset,0.5,0,,,
OocytesMerlucciusStates2f,0.9019607843137255,0.24486351013183594,0.05922412872314453,10000,random_forest,flocet,30,5,,,,,,,,,,,,5,reset,0.5,0,,,
OocytesMerlucciusStates2f,0.8823529411764706,0.2489633560180664,0.05927324295043945,10000,random_forest,flocet,30,5,,,,,,,,,,,,5,reset,0.5,0,,,
OocytesTrisopterusNucleus2f,0.7368421052631579,0.25179076194763184,0.05481076240539551,10000,random_forest,flocet,30,5,,,,,,,,,,,,5,reset,0.5,0,,,
OocytesTrisopterusNucleus2f,0.6710526315789473,0.2514359951019287,0.05455780029296875,10000,random_forest,flocet,30,5,,,,,,,,,,,,5,reset,0.5,0,,,
OocytesTrisopterusNucleus2f,0.7587719298245614,0.25351572036743164,0.05490446090698242,10000,random_forest,flocet,30,5,,,,,,,,,,,,5,reset,0.5,0,,,
OocytesTrisopterusNucleus2f,0.7192982456140351,0.25168299674987793,0.05461859703063965,10000,random_forest,flocet,30,5,,,,,,,,,,,,5,reset,0.5,0,,,
OocytesTrisopterusNucleus2f,0.7324561403508771,0.2507598400115967,0.054648637771606445,10000,random_forest,flocet,30,5,,,,,,,,,,,,5,reset,0.5,0,,,
OocytesTrisopterusStates5b,0.8903508771929824,0.24285459518432617,0.05473446846008301,10000,random_forest,flocet,30,5,,,,,,,,,,,,5,reset,0.5,0,,,
OocytesTrisopterusStates5b,0.8903508771929824,0.24582552909851074,0.054769277572631836,10000,random_forest,flocet,30,5,,,,,,,,,,,,5,reset,0.5,0,,,
OocytesTrisopterusStates5b,0.868421052631579,0.24338769912719727,0.05478310585021973,10000,random_forest,flocet,30,5,,,,,,,,,,,,5,reset,0.5,0,,,
OocytesTrisopterusStates5b,0.8771929824561403,0.2424156665802002,0.05473923683166504,10000,random_forest,flocet,30,5,,,,,,,,,,,,5,reset,0.5,0,,,
OocytesTrisopterusStates5b,0.8771929824561403,0.24347877502441406,0.05472135543823242,10000,random_forest,flocet,30,5,,,,,,,,,,,,5,reset,0.5,0,,,
Optical,0.9677239844184753,0.7477483749389648,0.34793639183044434,10000,random_forest,flocet,30,5,,,,,,,,,,,,5,reset,0.5,0,,,
Optical,0.9621591541457986,0.6693942546844482,0.3463306427001953,10000,random_forest,flocet,30,5,,,,,,,,,,,,5,reset,0.5,0,,,
Optical,0.9593767390094602,0.6695065498352051,0.3463118076324463,10000,random_forest,flocet,30,5,,,,,,,,,,,,5,reset,0.5,0,,,
Optical,0.9599332220367279,0.6684365272521973,0.3454000949859619,10000,random_forest,flocet,30,5,,,,,,,,,,,,5,reset,0.5,0,,,
Optical,0.9599332220367279,0.6706218719482422,0.3461472988128662,10000,random_forest,flocet,30,5,,,,,,,,,,,,5,reset,0.5,0,,,
Ozone,0.9716088328075709,0.4210810661315918,0.12693428993225098,10000,random_forest,flocet,30,5,,,,,,,,,,,,5,reset,0.5,0,,,
Ozone,0.9716088328075709,0.4210672378540039,0.12672996520996094,10000,random_forest,flocet,30,5,,,,,,,,,,,,5,reset,0.5,0,,,
Ozone,0.9716088328075709,0.4208836555480957,0.12708735466003418,10000,random_forest,flocet,30,5,,,,,,,,,,,,5,reset,0.5,0,,,
Ozone,0.9716088328075709,0.41794586181640625,0.12726235389709473,10000,random_forest,flocet,30,5,,,,,,,,,,,,5,reset,0.5,0,,,
Ozone,0.9716088328075709,0.4203033447265625,0.12692975997924805,10000,random_forest,flocet,30,5,,,,,,,,,,,,5,reset,0.5,0,,,
PageBlocks,0.8538011695906432,0.7596137523651123,0.2649722099304199,10000,random_forest,flocet,30,5,,,,,,,,,,,,5,reset,0.5,0,,,
PageBlocks,0.9027777777777778,0.7577717304229736,0.26395726203918457,10000,random_forest,flocet,30,5,,,,,,,,,,,,5,reset,0.5,0,,,
PageBlocks,0.8786549707602339,0.7705318927764893,0.2649726867675781,10000,random_forest,flocet,30,5,,,,,,,,,,,,5,reset,0.5,0,,,
PageBlocks,0.8713450292397661,0.7741153240203857,0.26489973068237305,10000,random_forest,flocet,30,5,,,,,,,,,,,,5,reset,0.5,0,,,
PageBlocks,0.9195906432748538,0.7768416404724121,0.2645583152770996,10000,random_forest,flocet,30,5,,,,,,,,,,,,5,reset,0.5,0,,,
Parkinsons,0.8775510204081632,0.1472468376159668,0.022714853286743164,10000,random_forest,flocet,30,5,,,,,,,,,,,,5,reset,0.5,0,,,
Parkinsons,0.8367346938775511,0.14638948440551758,0.02267289161682129,10000,random_forest,flocet,30,5,,,,,,,,,,,,5,reset,0.5,0,,,
Parkinsons,0.8571428571428571,0.1465158462524414,0.022740840911865234,10000,random_forest,flocet,30,5,,,,,,,,,,,,5,reset,0.5,0,,,
Parkinsons,0.8571428571428571,0.14670848846435547,0.022588729858398438,10000,random_forest,flocet,30,5,,,,,,,,,,,,5,reset,0.5,0,,,
Parkinsons,0.8367346938775511,0.14671850204467773,0.022699832916259766,10000,random_forest,flocet,30,5,,,,,,,,,,,,5,reset,0.5,0,,,
Pendigits,0.9585477415666095,1.2241861820220947,0.6718451976776123,10000,random_forest,flocet,30,5,,,,,,,,,,,,5,reset,0.5,0,,,
Pendigits,0.9574042309891366,1.2801096439361572,0.6643772125244141,10000,random_forest,flocet,30,5,,,,,,,,,,,,5,reset,0.5,0,,,
Pendigits,0.9636935391652373,1.2083613872528076,0.6692032814025879,10000,random_forest,flocet,30,5,,,,,,,,,,,,5,reset,0.5,0,,,
Pendigits,0.9554030874785592,1.2098393440246582,0.6689352989196777,10000,random_forest,flocet,30,5,,,,,,,,,,,,5,reset,0.5,0,,,
Pendigits,0.9639794168096055,1.2134571075439453,0.6737210750579834,10000,random_forest,flocet,30,5,,,,,,,,,,,,5,reset,0.5,0,,,
Pima,0.734375,0.20001530647277832,0.04925966262817383,10000,random_forest,flocet,30,5,,,,,,,,,,,,5,reset,0.5,0,,,
Pima,0.7291666666666666,0.2008681297302246,0.04938101768493652,10000,random_forest,flocet,30,5,,,,,,,,,,,,5,reset,0.5,0,,,
Pima,0.7239583333333334,0.2000899314880371,0.049288034439086914,10000,random_forest,flocet,30,5,,,,,,,,,,,,5,reset,0.5,0,,,
Pima,0.703125,0.19933390617370605,0.04924154281616211,10000,random_forest,flocet,30,5,,,,,,,,,,,,5,reset,0.5,0,,,
Pima,0.75,0.20004534721374512,0.11464810371398926,10000,random_forest,flocet,30,5,,,,,,,,,,,,5,reset,0.5,0,,,
PittsburgBridgesMaterial,0.9230769230769231,0.13712716102600098,0.01853013038635254,10000,random_forest,flocet,30,5,,,,,,,,,,,,5,reset,0.5,0,,,
PittsburgBridgesMaterial,0.9230769230769231,0.13760042190551758,0.018476486206054688,10000,random_forest,flocet,30,5,,,,,,,,,,,,5,reset,0.5,0,,,
PittsburgBridgesMaterial,0.8846153846153846,0.13736462593078613,0.01856207847595215,10000,random_forest,flocet,30,5,,,,,,,,,,,,5,reset,0.5,0,,,
PittsburgBridgesMaterial,0.9230769230769231,0.13740301132202148,0.01854705810546875,10000,random_forest,flocet,30,5,,,,,,,,,,,,5,reset,0.5,0,,,
PittsburgBridgesMaterial,0.9230769230769231,0.13735556602478027,0.01855325698852539,10000,random_forest,flocet,30,5,,,,,,,,,,,,5,reset,0.5,0,,,
PittsburgBridgesRelL,0.6923076923076923,0.13740777969360352,0.01862192153930664,10000,random_forest,flocet,30,5,,,,,,,,,,,,5,reset,0.5,0,,,
PittsburgBridgesRelL,0.6538461538461539,0.13716697692871094,0.018468141555786133,10000,random_forest,flocet,30,5,,,,,,,,,,,,5,reset,0.5,0,,,
PittsburgBridgesRelL,0.6923076923076923,0.13732576370239258,0.018547534942626953,10000,random_forest,flocet,30,5,,,,,,,,,,,,5,reset,0.5,0,,,
PittsburgBridgesRelL,0.5384615384615384,0.13713645935058594,0.018491268157958984,10000,random_forest,flocet,30,5,,,,,,,,,,,,5,reset,0.5,0,,,
PittsburgBridgesRelL,0.7692307692307693,0.13706445693969727,0.018475055694580078,10000,random_forest,flocet,30,5,,,,,,,,,,,,5,reset,0.5,0,,,
PittsburgBridgesSpan,0.5652173913043478,0.13654375076293945,0.018034934997558594,10000,random_forest,flocet,30,5,,,,,,,,,,,,5,reset,0.5,0,,,
PittsburgBridgesSpan,0.6086956521739131,0.13634467124938965,0.018074989318847656,10000,random_forest,flocet,30,5,,,,,,,,,,,,5,reset,0.5,0,,,
PittsburgBridgesSpan,0.5217391304347826,0.13645434379577637,0.017899513244628906,10000,random_forest,flocet,30,5,,,,,,,,,,,,5,reset,0.5,0,,,
PittsburgBridgesSpan,0.7391304347826086,0.13628077507019043,0.01802349090576172,10000,random_forest,flocet,30,5,,,,,,,,,,,,5,reset,0.5,0,,,
PittsburgBridgesSpan,0.5652173913043478,0.13636398315429688,0.01800251007080078,10000,random_forest,flocet,30,5,,,,,,,,,,,,5,reset,0.5,0,,,
PittsburgBridgesTOrD,0.76,0.1369953155517578,0.018410921096801758,10000,random_forest,flocet,30,5,,,,,,,,,,,,5,reset,0.5,0,,,
PittsburgBridgesTOrD,0.8,0.13637900352478027,0.01838397979736328,10000,random_forest,flocet,30,5,,,,,,,,,,,,5,reset,0.5,0,,,
PittsburgBridgesTOrD,0.8,0.13608670234680176,0.018372297286987305,10000,random_forest,flocet,30,5,,,,,,,,,,,,5,reset,0.5,0,,,
PittsburgBridgesTOrD,0.8,0.13627910614013672,0.018279552459716797,10000,random_forest,flocet,30,5,,,,,,,,,,,,5,reset,0.5,0,,,
PittsburgBridgesTOrD,0.76,0.13608407974243164,0.01824951171875,10000,random_forest,flocet,30,5,,,,,,,,,,,,5,reset,0.5,0,,,
PittsburgBridgesType,0.5769230769230769,0.13982272148132324,0.018987655639648438,10000,random_forest,flocet,30,5,,,,,,,,,,,,5,reset,0.5,0,,,
PittsburgBridgesType,0.6153846153846154,0.13795208930969238,0.018867015838623047,10000,random_forest,flocet,30,5,,,,,,,,,,,,5,reset,0.5,0,,,
PittsburgBridgesType,0.6538461538461539,0.13771772384643555,0.01867532730102539,10000,random_forest,flocet,30,5,,,,,,,,,,,,5,reset,0.5,0,,,
PittsburgBridgesType,0.5769230769230769,0.1378490924835205,0.018776655197143555,10000,random_forest,flocet,30,5,,,,,,,,,,,,5,reset,0.5,0,,,
PittsburgBridgesType,0.5769230769230769,0.13773345947265625,0.018764495849609375,10000,random_forest,flocet,30,5,,,,,,,,,,,,5,reset,0.5,0,,,
Planning,0.6222222222222222,0.14642024040222168,0.02210712432861328,10000,random_forest,flocet,30,5,,,,,,,,,,,,5,reset,0.5,0,,,
Planning,0.7333333333333333,0.14649653434753418,0.022023916244506836,10000,random_forest,flocet,30,5,,,,,,,,,,,,5,reset,0.5,0,,,
Planning,0.6888888888888889,0.14590024948120117,0.022063255310058594,10000,random_forest,flocet,30,5,,,,,,,,,,,,5,reset,0.5,0,,,
Planning,0.6888888888888889,0.14669132232666016,0.022100210189819336,10000,random_forest,flocet,30,5,,,,,,,,,,,,5,reset,0.5,0,,,
Planning,0.7111111111111111,0.14583349227905273,0.022027254104614258,10000,random_forest,flocet,30,5,,,,,,,,,,,,5,reset,0.5,0,,,
PlantMargin,0.695,0.5516133308410645,0.10508513450622559,10000,random_forest,flocet,30,5,,,,,,,,,,,,5,reset,0.5,0,,,
PlantMargin,0.7275,0.5457007884979248,0.10498356819152832,10000,random_forest,flocet,30,5,,,,,,,,,,,,5,reset,0.5,0,,,
PlantMargin,0.71,0.5406956672668457,0.10505890846252441,10000,random_forest,flocet,30,5,,,,,,,,,,,,5,reset,0.5,0,,,
PlantMargin,0.685,0.5395350456237793,0.10504937171936035,10000,random_forest,flocet,30,5,,,,,,,,,,,,5,reset,0.5,0,,,
PlantMargin,0.7075,0.5411534309387207,0.10508608818054199,10000,random_forest,flocet,30,5,,,,,,,,,,,,5,reset,0.5,0,,,
PlantShape,0.3575,0.9491713047027588,0.10407733917236328,10000,random_forest,flocet,30,5,,,,,,,,,,,,5,reset,0.5,0,,,
PlantShape,0.38,0.9667515754699707,0.10411453247070312,10000,random_forest,flocet,30,5,,,,,,,,,,,,5,reset,0.5,0,,,
PlantShape,0.37,0.9719908237457275,0.10393810272216797,10000,random_forest,flocet,30,5,,,,,,,,,,,,5,reset,0.5,0,,,
PlantShape,0.4075,0.9711215496063232,0.10391998291015625,10000,random_forest,flocet,30,5,,,,,,,,,,,,5,reset,0.5,0,,,
PlantShape,0.3575,0.9462857246398926,0.10405087471008301,10000,random_forest,flocet,30,5,,,,,,,,,,,,5,reset,0.5,0,,,
PlantTexture,0.6775,0.6333496570587158,0.10524868965148926,10000,random_forest,flocet,30,5,,,,,,,,,,,,5,reset,0.5,0,,,
PlantTexture,0.675,0.6375727653503418,0.10533976554870605,10000,random_forest,flocet,30,5,,,,,,,,,,,,5,reset,0.5,0,,,
PlantTexture,0.67,0.6420919895172119,0.10547161102294922,10000,random_forest,flocet,30,5,,,,,,,,,,,,5,reset,0.5,0,,,
PlantTexture,0.675,0.6297528743743896,0.10546064376831055,10000,random_forest,flocet,30,5,,,,,,,,,,,,5,reset,0.5,0,,,
PlantTexture,0.6875,0.6409363746643066,0.10557150840759277,10000,random_forest,flocet,30,5,,,,,,,,,,,,5,reset,0.5,0,,,
PostOperative,0.7272727272727273,0.1364307403564453,0.01785111427307129,10000,random_forest,flocet,30,5,,,,,,,,,,,,5,reset,0.5,0,,,
PostOperative,0.6818181818181818,0.1359388828277588,0.017850160598754883,10000,random_forest,flocet,30,5,,,,,,,,,,,,5,reset,0.5,0,,,
PostOperative,0.7272727272727273,0.13582491874694824,0.017809629440307617,10000,random_forest,flocet,30,5,,,,,,,,,,,,5,reset,0.5,0,,,
PostOperative,0.7727272727272727,0.13659954071044922,0.01784682273864746,10000,random_forest,flocet,30,5,,,,,,,,,,,,5,reset,0.5,0,,,
PostOperative,0.6363636363636364,0.13615942001342773,0.017851591110229492,10000,random_forest,flocet,30,5,,,,,,,,,,,,5,reset,0.5,0,,,
PrimaryTumor,0.43902439024390244,0.16033363342285156,0.02962970733642578,10000,random_forest,flocet,30,5,,,,,,,,,,,,5,reset,0.5,0,,,
PrimaryTumor,0.4878048780487805,0.15976381301879883,0.029652118682861328,10000,random_forest,flocet,30,5,,,,,,,,,,,,5,reset,0.5,0,,,
PrimaryTumor,0.35365853658536583,0.15992045402526855,0.029738426208496094,10000,random_forest,flocet,30,5,,,,,,,,,,,,5,reset,0.5,0,,,
PrimaryTumor,0.4634146341463415,0.159332275390625,0.029672861099243164,10000,random_forest,flocet,30,5,,,,,,,,,,,,5,reset,0.5,0,,,
PrimaryTumor,0.4634146341463415,0.15951275825500488,0.0297544002532959,10000,random_forest,flocet,30,5,,,,,,,,,,,,5,reset,0.5,0,,,
Ringnorm,0.8718918918918919,1.7336161136627197,0.345020055770874,10000,random_forest,flocet,30,5,,,,,,,,,,,,5,reset,0.5,0,,,
Ringnorm,0.8589189189189189,1.7200767993927002,0.35701942443847656,10000,random_forest,flocet,30,5,,,,,,,,,,,,5,reset,0.5,0,,,
Ringnorm,0.8767567567567568,1.705359697341919,0.35288381576538086,10000,random_forest,flocet,30,5,,,,,,,,,,,,5,reset,0.5,0,,,
Ringnorm,0.8675675675675676,1.7262516021728516,0.3449840545654297,10000,random_forest,flocet,30,5,,,,,,,,,,,,5,reset,0.5,0,,,
Ringnorm,0.8648648648648649,1.7455382347106934,0.3441622257232666,10000,random_forest,flocet,30,5,,,,,,,,,,,,5,reset,0.5,0,,,
Seeds,0.9038461538461539,0.14634251594543457,0.023446083068847656,10000,random_forest,flocet,30,5,,,,,,,,,,,,5,reset,0.5,0,,,
Seeds,0.8653846153846154,0.145751953125,0.023441553115844727,10000,random_forest,flocet,30,5,,,,,,,,,,,,5,reset,0.5,0,,,
Seeds,0.8653846153846154,0.14580106735229492,0.023463964462280273,10000,random_forest,flocet,30,5,,,,,,,,,,,,5,reset,0.5,0,,,
Seeds,0.8653846153846154,0.1467287540435791,0.02347874641418457,10000,random_forest,flocet,30,5,,,,,,,,,,,,5,reset,0.5,0,,,
Seeds,0.9038461538461539,0.14645028114318848,0.02341437339782715,10000,random_forest,flocet,30,5,,,,,,,,,,,,5,reset,0.5,0,,,
Semeion,0.9195979899497487,0.3194882869720459,0.09200334548950195,10000,random_forest,flocet,30,5,,,,,,,,,,,,5,reset,0.5,0,,,
Semeion,0.9246231155778895,0.3219420909881592,0.0922095775604248,10000,random_forest,flocet,30,5,,,,,,,,,,,,5,reset,0.5,0,,,
Semeion,0.9321608040201005,0.3221147060394287,0.09215140342712402,10000,random_forest,flocet,30,5,,,,,,,,,,,,5,reset,0.5,0,,,
Semeion,0.9271356783919598,0.32154226303100586,0.09196209907531738,10000,random_forest,flocet,30,5,,,,,,,,,,,,5,reset,0.5,0,,,
Semeion,0.9447236180904522,0.3200373649597168,0.09190869331359863,10000,random_forest,flocet,30,5,,,,,,,,,,,,5,reset,0.5,0,,,
Soybean,0.8856382978723404,0.16891193389892578,0.08568882942199707,10000,random_forest,flocet,30,5,,,,,,,,,,,,5,reset,0.5,0,,,
Soybean,0.8590425531914894,0.16729116439819336,0.08550167083740234,10000,random_forest,flocet,30,5,,,,,,,,,,,,5,reset,0.5,0,,,
Soybean,0.8856382978723404,0.16761326789855957,0.08548450469970703,10000,random_forest,flocet,30,5,,,,,,,,,,,,5,reset,0.5,0,,,
Soybean,0.8404255319148937,0.16777634620666504,0.08563852310180664,10000,random_forest,flocet,30,5,,,,,,,,,,,,5,reset,0.5,0,,,
Soybean,0.8696808510638298,0.16671442985534668,0.08552694320678711,10000,random_forest,flocet,30,5,,,,,,,,,,,,5,reset,0.5,0,,,
Spambase,0.9382608695652174,0.6254580020904541,0.22786808013916016,10000,random_forest,flocet,30,5,,,,,,,,,,,,5,reset,0.5,0,,,
Spambase,0.9295652173913044,0.6210472583770752,0.22751975059509277,10000,random_forest,flocet,30,5,,,,,,,,,,,,5,reset,0.5,0,,,
Spambase,0.9339130434782609,0.7136154174804688,0.22885942459106445,10000,random_forest,flocet,30,5,,,,,,,,,,,,5,reset,0.5,0,,,
Spambase,0.9347826086956522,0.6239438056945801,0.22789287567138672,10000,random_forest,flocet,30,5,,,,,,,,,,,,5,reset,0.5,0,,,
Spambase,0.9330434782608695,0.6194429397583008,0.22837114334106445,10000,random_forest,flocet,30,5,,,,,,,,,,,,5,reset,0.5,0,,,
Spect,0.6505376344086021,0.13822627067565918,0.04796910285949707,10000,random_forest,flocet,30,5,,,,,,,,,,,,5,reset,0.5,0,,,
Spect,0.6075268817204301,0.1376502513885498,0.05078411102294922,10000,random_forest,flocet,30,5,,,,,,,,,,,,5,reset,0.5,0,,,
Spect,0.6881720430107527,0.14000439643859863,0.04786348342895508,10000,random_forest,flocet,30,5,,,,,,,,,,,,5,reset,0.5,0,,,
Spect,0.5967741935483871,0.13772058486938477,0.04788064956665039,10000,random_forest,flocet,30,5,,,,,,,,,,,,5,reset,0.5,0,,,
Spect,0.5376344086021505,0.13813090324401855,0.04787421226501465,10000,random_forest,flocet,30,5,,,,,,,,,,,,5,reset,0.5,0,,,
Spectf,0.5080213903743316,0.13980650901794434,0.048113107681274414,10000,random_forest,flocet,30,5,,,,,,,,,,,,5,reset,0.5,0,,,
Spectf,0.5133689839572193,0.13979530334472656,0.048046112060546875,10000,random_forest,flocet,30,5,,,,,,,,,,,,5,reset,0.5,0,,,
Spectf,0.48128342245989303,0.1394791603088379,0.04826498031616211,10000,random_forest,flocet,30,5,,,,,,,,,,,,5,reset,0.5,0,,,
Spectf,0.5294117647058824,0.13920021057128906,0.04824066162109375,10000,random_forest,flocet,30,5,,,,,,,,,,,,5,reset,0.5,0,,,
Spectf,0.44919786096256686,0.13883137702941895,0.04822897911071777,10000,random_forest,flocet,30,5,,,,,,,,,,,,5,reset,0.5,0,,,
StatlogAustralianCredit,0.6395348837209303,0.19475722312927246,0.0457310676574707,10000,random_forest,flocet,30,5,,,,,,,,,,,,5,reset,0.5,0,,,
StatlogAustralianCredit,0.6744186046511628,0.19504714012145996,0.045815467834472656,10000,random_forest,flocet,30,5,,,,,,,,,,,,5,reset,0.5,0,,,
StatlogAustralianCredit,0.6569767441860465,0.19449925422668457,0.0457150936126709,10000,random_forest,flocet,30,5,,,,,,,,,,,,5,reset,0.5,0,,,
StatlogAustralianCredit,0.6337209302325582,0.19380402565002441,0.04571270942687988,10000,random_forest,flocet,30,5,,,,,,,,,,,,5,reset,0.5,0,,,
StatlogAustralianCredit,0.686046511627907,0.1948699951171875,0.045780181884765625,10000,random_forest,flocet,30,5,,,,,,,,,,,,5,reset,0.5,0,,,
StatlogGermanCredit,0.752,0.21994471549987793,0.06087613105773926,10000,random_forest,flocet,30,5,,,,,,,,,,,,5,reset,0.5,0,,,
StatlogGermanCredit,0.756,0.22062158584594727,0.06094717979431152,10000,random_forest,flocet,30,5,,,,,,,,,,,,5,reset,0.5,0,,,
StatlogGermanCredit,0.744,0.2196485996246338,0.060857534408569336,10000,random_forest,flocet,30,5,,,,,,,,,,,,5,reset,0.5,0,,,
StatlogGermanCredit,0.74,0.2194995880126953,0.06081867218017578,10000,random_forest,flocet,30,5,,,,,,,,,,,,5,reset,0.5,0,,,
StatlogGermanCredit,0.784,0.21877646446228027,0.060781240463256836,10000,random_forest,flocet,30,5,,,,,,,,,,,,5,reset,0.5,0,,,
StatlogHeart,0.8507462686567164,0.15230464935302734,0.026231765747070312,10000,random_forest,flocet,30,5,,,,,,,,,,,,5,reset,0.5,0,,,
StatlogHeart,0.8059701492537313,0.15199065208435059,0.026283740997314453,10000,random_forest,flocet,30,5,,,,,,,,,,,,5,reset,0.5,0,,,
StatlogHeart,0.8507462686567164,0.15221285820007324,0.026275634765625,10000,random_forest,flocet,30,5,,,,,,,,,,,,5,reset,0.5,0,,,
StatlogHeart,0.9253731343283582,0.15199995040893555,0.026261329650878906,10000,random_forest,flocet,30,5,,,,,,,,,,,,5,reset,0.5,0,,,
StatlogHeart,0.8507462686567164,0.15172982215881348,0.026286840438842773,10000,random_forest,flocet,30,5,,,,,,,,,,,,5,reset,0.5,0,,,
StatlogImage,0.9272097053726169,0.3885822296142578,0.12035417556762695,10000,random_forest,flocet,30,5,,,,,,,,,,,,5,reset,0.5,0,,,
StatlogImage,0.925476603119584,0.38554978370666504,0.1204843521118164,10000,random_forest,flocet,30,5,,,,,,,,,,,,5,reset,0.5,0,,,
StatlogImage,0.9220103986135182,0.39209938049316406,0.12018704414367676,10000,random_forest,flocet,30,5,,,,,,,,,,,,5,reset,0.5,0,,,
StatlogImage,0.9358752166377816,0.3836665153503418,0.1203470230102539,10000,random_forest,flocet,30,5,,,,,,,,,,,,5,reset,0.5,0,,,
StatlogImage,0.9341421143847487,0.38506174087524414,0.12037920951843262,10000,random_forest,flocet,30,5,,,,,,,,,,,,5,reset,0.5,0,,,
StatlogLandsat,0.89,0.8758630752563477,0.38617968559265137,10000,random_forest,flocet,30,5,,,,,,,,,,,,5,reset,0.5,0,,,
StatlogLandsat,0.8915,0.8781218528747559,0.3876786231994629,10000,random_forest,flocet,30,5,,,,,,,,,,,,5,reset,0.5,0,,,
StatlogLandsat,0.887,0.885026216506958,0.3877594470977783,10000,random_forest,flocet,30,5,,,,,,,,,,,,5,reset,0.5,0,,,
StatlogLandsat,0.887,0.8806586265563965,0.3872857093811035,10000,random_forest,flocet,30,5,,,,,,,,,,,,5,reset,0.5,0,,,
StatlogLandsat,0.8885,0.8924832344055176,0.38778018951416016,10000,random_forest,flocet,30,5,,,,,,,,,,,,5,reset,0.5,0,,,
StatlogShuttle,0.39489655172413796,4.954546213150024,2.5428826808929443,10000,random_forest,flocet,30,5,,,,,,,,,,,,5,reset,0.5,0,,,
StatlogShuttle,0.42951724137931035,4.873257637023926,2.7103919982910156,10000,random_forest,flocet,30,5,,,,,,,,,,,,5,reset,0.5,0,,,
StatlogShuttle,0.4537241379310345,4.79723334312439,2.5914525985717773,10000,random_forest,flocet,30,5,,,,,,,,,,,,5,reset,0.5,0,,,
StatlogShuttle,0.4764827586206897,4.838095664978027,2.5335915088653564,10000,random_forest,flocet,30,5,,,,,,,,,,,,5,reset,0.5,0,,,
StatlogShuttle,0.2953103448275862,5.000916481018066,2.5360870361328125,10000,random_forest,flocet,30,5,,,,,,,,,,,,5,reset,0.5,0,,,
StatlogVehicle,0.6777251184834123,0.2218461036682129,0.053507089614868164,10000,random_forest,flocet,30,5,,,,,,,,,,,,5,reset,0.5,0,,,
StatlogVehicle,0.6682464454976303,0.22282075881958008,0.05350804328918457,10000,random_forest,flocet,30,5,,,,,,,,,,,,5,reset,0.5,0,,,
StatlogVehicle,0.6682464454976303,0.2207038402557373,0.05305886268615723,10000,random_forest,flocet,30,5,,,,,,,,,,,,5,reset,0.5,0,,,
StatlogVehicle,0.6682464454976303,0.22107434272766113,0.05306887626647949,10000,random_forest,flocet,30,5,,,,,,,,,,,,5,reset,0.5,0,,,
StatlogVehicle,0.6635071090047393,0.22191500663757324,0.05310177803039551,10000,random_forest,flocet,30,5,,,,,,,,,,,,5,reset,0.5,0,,,
SteelPlates,0.7257731958762886,0.40840697288513184,0.1047971248626709,10000,random_forest,flocet,30,5,,,,,,,,,,,,5,reset,0.5,0,,,
SteelPlates,0.668041237113402,0.40216755867004395,0.10447907447814941,10000,random_forest,flocet,30,5,,,,,,,,,,,,5,reset,0.5,0,,,
SteelPlates,0.6824742268041237,0.40532422065734863,0.10715150833129883,10000,random_forest,flocet,30,5,,,,,,,,,,,,5,reset,0.5,0,,,
SteelPlates,0.6969072164948453,0.40738844871520996,0.1049036979675293,10000,random_forest,flocet,30,5,,,,,,,,,,,,5,reset,0.5,0,,,
SteelPlates,0.7257731958762886,0.40418291091918945,0.17166423797607422,10000,random_forest,flocet,30,5,,,,,,,,,,,,5,reset,0.5,0,,,
SyntheticControl,0.9466666666666667,0.21367621421813965,0.041921377182006836,10000,random_forest,flocet,30,5,,,,,,,,,,,,5,reset,0.5,0,,,
SyntheticControl,0.96,0.21396303176879883,0.04194998741149902,10000,random_forest,flocet,30,5,,,,,,,,,,,,5,reset,0.5,0,,,
SyntheticControl,0.96,0.21248579025268555,0.04192090034484863,10000,random_forest,flocet,30,5,,,,,,,,,,,,5,reset,0.5,0,,,
SyntheticControl,0.9333333333333333,0.21270275115966797,0.04195713996887207,10000,random_forest,flocet,30,5,,,,,,,,,,,,5,reset,0.5,0,,,
SyntheticControl,0.9533333333333334,0.21285080909729004,0.041964054107666016,10000,random_forest,flocet,30,5,,,,,,,,,,,,5,reset,0.5,0,,,
Teaching,0.6052631578947368,0.14263510704040527,0.020790815353393555,10000,random_forest,flocet,30,5,,,,,,,,,,,,5,reset,0.5,0,,,
Teaching,0.5,0.14237618446350098,0.02075052261352539,10000,random_forest,flocet,30,5,,,,,,,,,,,,5,reset,0.5,0,,,
Teaching,0.5526315789473685,0.1425015926361084,0.020882368087768555,10000,random_forest,flocet,30,5,,,,,,,,,,,,5,reset,0.5,0,,,
Teaching,0.5263157894736842,0.14252185821533203,0.020806074142456055,10000,random_forest,flocet,30,5,,,,,,,,,,,,5,reset,0.5,0,,,
Teaching,0.47368421052631576,0.14211344718933105,0.020861148834228516,10000,random_forest,flocet,30,5,,,,,,,,,,,,5,reset,0.5,0,,,
Thyroid,0.9833722287047841,0.5212926864624023,0.6320195198059082,10000,random_forest,flocet,30,5,,,,,,,,,,,,5,reset,0.5,0,,,
Thyroid,0.9842473745624271,0.518078088760376,0.6329813003540039,10000,random_forest,flocet,30,5,,,,,,,,,,,,5,reset,0.5,0,,,
Thyroid,0.9836639439906651,0.5243508815765381,0.6326401233673096,10000,random_forest,flocet,30,5,,,,,,,,,,,,5,reset,0.5,0,,,
Thyroid,0.983955659276546,0.522423267364502,0.6323935985565186,10000,random_forest,flocet,30,5,,,,,,,,,,,,5,reset,0.5,0,,,
Thyroid,0.9848308051341891,0.5183041095733643,0.6322777271270752,10000,random_forest,flocet,30,5,,,,,,,,,,,,5,reset,0.5,0,,,
TicTacToe,0.9623430962343096,0.20818233489990234,0.058325767517089844,10000,random_forest,flocet,30,5,,,,,,,,,,,,5,reset,0.5,0,,,
TicTacToe,0.8786610878661087,0.20748209953308105,0.057984352111816406,10000,random_forest,flocet,30,5,,,,,,,,,,,,5,reset,0.5,0,,,
TicTacToe,0.9623430962343096,0.20756101608276367,0.05817580223083496,10000,random_forest,flocet,30,5,,,,,,,,,,,,5,reset,0.5,0,,,
TicTacToe,0.9372384937238494,0.20794963836669922,0.05806899070739746,10000,random_forest,flocet,30,5,,,,,,,,,,,,5,reset,0.5,0,,,
TicTacToe,0.9414225941422594,0.20811200141906738,0.05820918083190918,10000,random_forest,flocet,30,5,,,,,,,,,,,,5,reset,0.5,0,,,
Titanic,0.7836363636363637,0.285290002822876,0.11304736137390137,10000,random_forest,flocet,30,5,,,,,,,,,,,,5,reset,0.5,0,,,
Titanic,0.7836363636363637,0.28544068336486816,0.113250732421875,10000,random_forest,flocet,30,5,,,,,,,,,,,,5,reset,0.5,0,,,
Titanic,0.7909090909090909,0.28510069847106934,0.11339187622070312,10000,random_forest,flocet,30,5,,,,,,,,,,,,5,reset,0.5,0,,,
Titanic,0.7836363636363637,0.285597562789917,0.11337947845458984,10000,random_forest,flocet,30,5,,,,,,,,,,,,5,reset,0.5,0,,,
Titanic,0.7872727272727272,0.28589415550231934,0.11308717727661133,10000,random_forest,flocet,30,5,,,,,,,,,,,,5,reset,0.5,0,,,
Trains,0.5,0.12993168830871582,0.014169692993164062,10000,random_forest,flocet,30,5,,,,,,,,,,,,5,reset,0.5,0,,,
Trains,1.0,0.13012194633483887,0.014157295227050781,10000,random_forest,flocet,30,5,,,,,,,,,,,,5,reset,0.5,0,,,
Trains,0.5,0.1301131248474121,0.014145135879516602,10000,random_forest,flocet,30,5,,,,,,,,,,,,5,reset,0.5,0,,,
Trains,0.5,0.12971806526184082,0.014102697372436523,10000,random_forest,flocet,30,5,,,,,,,,,,,,5,reset,0.5,0,,,
Trains,0.5,0.12962937355041504,0.014177799224853516,10000,random_forest,flocet,30,5,,,,,,,,,,,,5,reset,0.5,0,,,
Twonorm,0.9594594594594594,1.280794620513916,0.3532285690307617,10000,random_forest,flocet,30,5,,,,,,,,,,,,5,reset,0.5,0,,,
Twonorm,0.96,1.3607897758483887,0.3531343936920166,10000,random_forest,flocet,30,5,,,,,,,,,,,,5,reset,0.5,0,,,
Twonorm,0.9513513513513514,1.2751622200012207,0.3534233570098877,10000,random_forest,flocet,30,5,,,,,,,,,,,,5,reset,0.5,0,,,
Twonorm,0.9502702702702702,1.2855658531188965,0.3537740707397461,10000,random_forest,flocet,30,5,,,,,,,,,,,,5,reset,0.5,0,,,
Twonorm,0.9616216216216216,1.284921407699585,0.3543541431427002,10000,random_forest,flocet,30,5,,,,,,,,,,,,5,reset,0.5,0,,,
VertebralColumn2Clases,0.7792207792207793,0.1556248664855957,0.02786540985107422,10000,random_forest,flocet,30,5,,,,,,,,,,,,5,reset,0.5,0,,,
VertebralColumn2Clases,0.7402597402597403,0.1556100845336914,0.027850866317749023,10000,random_forest,flocet,30,5,,,,,,,,,,,,5,reset,0.5,0,,,
VertebralColumn2Clases,0.6883116883116883,0.15544438362121582,0.027973175048828125,10000,random_forest,flocet,30,5,,,,,,,,,,,,5,reset,0.5,0,,,
VertebralColumn2Clases,0.7662337662337663,0.15546751022338867,0.027923583984375,10000,random_forest,flocet,30,5,,,,,,,,,,,,5,reset,0.5,0,,,
VertebralColumn2Clases,0.7272727272727273,0.15558648109436035,0.027874469757080078,10000,random_forest,flocet,30,5,,,,,,,,,,,,5,reset,0.5,0,,,
VertebralColumn3Clases,0.4805194805194805,0.15634655952453613,0.028180360794067383,10000,random_forest,flocet,30,5,,,,,,,,,,,,5,reset,0.5,0,,,
VertebralColumn3Clases,0.42857142857142855,0.155853271484375,0.02814793586730957,10000,random_forest,flocet,30,5,,,,,,,,,,,,5,reset,0.5,0,,,
VertebralColumn3Clases,0.5324675324675324,0.15630340576171875,0.028065919876098633,10000,random_forest,flocet,30,5,,,,,,,,,,,,5,reset,0.5,0,,,
VertebralColumn3Clases,0.4805194805194805,0.15566754341125488,0.028041839599609375,10000,random_forest,flocet,30,5,,,,,,,,,,,,5,reset,0.5,0,,,
VertebralColumn3Clases,0.4935064935064935,0.15553593635559082,0.02806854248046875,10000,random_forest,flocet,30,5,,,,,,,,,,,,5,reset,0.5,0,,,
WallFollowing,0.9816715542521994,0.8177661895751953,0.2634587287902832,10000,random_forest,flocet,30,5,,,,,,,,,,,,5,reset,0.5,0,,,
WallFollowing,0.969208211143695,0.8140056133270264,0.26398158073425293,10000,random_forest,flocet,30,5,,,,,,,,,,,,5,reset,0.5,0,,,
WallFollowing,0.9802052785923754,0.8217103481292725,0.2641785144805908,10000,random_forest,flocet,30,5,,,,,,,,,,,,5,reset,0.5,0,,,
WallFollowing,0.9706744868035191,0.8167428970336914,0.263563871383667,10000,random_forest,flocet,30,5,,,,,,,,,,,,5,reset,0.5,0,,,
WallFollowing,0.9736070381231672,0.8078343868255615,0.26406359672546387,10000,random_forest,flocet,30,5,,,,,,,,,,,,5,reset,0.5,0,,,
Waveform,0.844,0.8704104423522949,0.2451772689819336,10000,random_forest,flocet,30,5,,,,,,,,,,,,5,reset,0.5,0,,,
Waveform,0.848,0.8673036098480225,0.24664688110351562,10000,random_forest,flocet,30,5,,,,,,,,,,,,5,reset,0.5,0,,,
Waveform,0.84,0.864649772644043,0.2501211166381836,10000,random_forest,flocet,30,5,,,,,,,,,,,,5,reset,0.5,0,,,
Waveform,0.8488,0.8595013618469238,0.24554800987243652,10000,random_forest,flocet,30,5,,,,,,,,,,,,5,reset,0.5,0,,,
Waveform,0.844,0.8604471683502197,0.24519562721252441,10000,random_forest,flocet,30,5,,,,,,,,,,,,5,reset,0.5,0,,,
WaveformNoise,0.8416,1.0465824604034424,0.24663996696472168,10000,random_forest,flocet,30,5,,,,,,,,,,,,5,reset,0.5,0,,,
WaveformNoise,0.8456,1.0477299690246582,0.32148146629333496,10000,random_forest,flocet,30,5,,,,,,,,,,,,5,reset,0.5,0,,,
WaveformNoise,0.8488,1.047943115234375,0.24634218215942383,10000,random_forest,flocet,30,5,,,,,,,,,,,,5,reset,0.5,0,,,
WaveformNoise,0.8472,1.0416388511657715,0.24683189392089844,10000,random_forest,flocet,30,5,,,,,,,,,,,,5,reset,0.5,0,,,
WaveformNoise,0.8448,1.0460100173950195,0.2462625503540039,10000,random_forest,flocet,30,5,,,,,,,,,,,,5,reset,0.5,0,,,
Wine,1.0,0.14426517486572266,0.021950721740722656,10000,random_forest,flocet,30,5,,,,,,,,,,,,5,reset,0.5,0,,,
Wine,1.0,0.14406585693359375,0.021923542022705078,10000,random_forest,flocet,30,5,,,,,,,,,,,,5,reset,0.5,0,,,
Wine,1.0,0.1448683738708496,0.021996021270751953,10000,random_forest,flocet,30,5,,,,,,,,,,,,5,reset,0.5,0,,,
Wine,0.9772727272727273,0.1447129249572754,0.02194833755493164,10000,random_forest,flocet,30,5,,,,,,,,,,,,5,reset,0.5,0,,,
Wine,0.9772727272727273,0.14481377601623535,0.021942853927612305,10000,random_forest,flocet,30,5,,,,,,,,,,,,5,reset,0.5,0,,,
WineQualityRed,0.605,0.3151423931121826,0.08915233612060547,10000,random_forest,flocet,30,5,,,,,,,,,,,,5,reset,0.5,0,,,
WineQualityRed,0.585,0.31343579292297363,0.08898210525512695,10000,random_forest,flocet,30,5,,,,,,,,,,,,5,reset,0.5,0,,,
WineQualityRed,0.59,0.3134124279022217,0.08870601654052734,10000,random_forest,flocet,30,5,,,,,,,,,,,,5,reset,0.5,0,,,
WineQualityRed,0.5975,0.3121347427368164,0.08891773223876953,10000,random_forest,flocet,30,5,,,,,,,,,,,,5,reset,0.5,0,,,
WineQualityRed,0.6025,0.3131272792816162,0.08885478973388672,10000,random_forest,flocet,30,5,,,,,,,,,,,,5,reset,0.5,0,,,
WineQualityWhite,0.47875816993464054,0.734445333480835,0.2439124584197998,10000,random_forest,flocet,30,5,,,,,,,,,,,,5,reset,0.5,0,,,
WineQualityWhite,0.477124183006536,0.7417986392974854,0.2440958023071289,10000,random_forest,flocet,30,5,,,,,,,,,,,,5,reset,0.5,0,,,
WineQualityWhite,0.4681372549019608,0.7374866008758545,0.24395418167114258,10000,random_forest,flocet,30,5,,,,,,,,,,,,5,reset,0.5,0,,,
WineQualityWhite,0.48284313725490197,0.7345266342163086,0.24449443817138672,10000,random_forest,flocet,30,5,,,,,,,,,,,,5,reset,0.5,0,,,
WineQualityWhite,0.4877450980392157,0.7304732799530029,0.24396061897277832,10000,random_forest,flocet,30,5,,,,,,,,,,,,5,reset,0.5,0,,,
Yeast,0.49595687331536387,0.27425599098205566,0.08441376686096191,10000,random_forest,flocet,30,5,,,,,,,,,,,,5,reset,0.5,0,,,
Yeast,0.5148247978436657,0.2742278575897217,0.08423113822937012,10000,random_forest,flocet,30,5,,,,,,,,,,,,5,reset,0.5,0,,,
Yeast,0.4716981132075472,0.27413177490234375,0.08424925804138184,10000,random_forest,flocet,30,5,,,,,,,,,,,,5,reset,0.5,0,,,
Yeast,0.522911051212938,0.2755410671234131,0.08427643775939941,10000,random_forest,flocet,30,5,,,,,,,,,,,,5,reset,0.5,0,,,
Yeast,0.4609164420485175,0.274411678314209,0.08436083793640137,10000,random_forest,flocet,30,5,,,,,,,,,,,,5,reset,0.5,0,,,
Zoo,0.96,0.1370840072631836,0.018534421920776367,10000,random_forest,flocet,30,5,,,,,,,,,,,,5,reset,0.5,0,,,
Zoo,1.0,0.13716459274291992,0.018579483032226562,10000,random_forest,flocet,30,5,,,,,,,,,,,,5,reset,0.5,0,,,
Zoo,1.0,0.1374373435974121,0.018602848052978516,10000,random_forest,flocet,30,5,,,,,,,,,,,,5,reset,0.5,0,,,
Zoo,0.92,0.1373577117919922,0.018647432327270508,10000,random_forest,flocet,30,5,,,,,,,,,,,,5,reset,0.5,0,,,
Zoo,0.92,0.1369185447692871,0.018596172332763672,10000,random_forest,flocet,30,5,,,,,,,,,,,,5,reset,0.5,0,,,
